date;state_id;store_id;dept_id;cat_id;item_id;wm_yr_wk;d;ventas;sell_price;year;month;wday;weekday;event_name_1;event_type_1;event_name_2;event_type_2
09/12/2015;CA;CA_3;FOODS_3;FOODS;FOODS_3_090;11545;d_1776;0;1.0;2015;12;5;Wednesday;;;;
09/12/2015;CA;CA_3;FOODS_3;FOODS;FOODS_3_120;11545;d_1776;58;4.98;2015;12;5;Wednesday;;;;
09/12/2015;CA;CA_3;FOODS_3;FOODS;FOODS_3_202;11545;d_1776;27;4.58;2015;12;5;Wednesday;;;;
09/12/2015;CA;CA_3;FOODS_3;FOODS;FOODS_3_252;11545;d_1776;46;1.58;2015;12;5;Wednesday;;;;
09/12/2015;CA;CA_3;FOODS_3;FOODS;FOODS_3_288;11545;d_1776;29;1.5;2015;12;5;Wednesday;;;;
09/12/2015;CA;CA_3;FOODS_3;FOODS;FOODS_3_329;11545;d_1776;0;2.98;2015;12;5;Wednesday;;;;
09/12/2015;CA;CA_3;FOODS_3;FOODS;FOODS_3_555;11545;d_1776;39;1.68;2015;12;5;Wednesday;;;;
09/12/2015;CA;CA_3;FOODS_3;FOODS;FOODS_3_586;11545;d_1776;63;1.68;2015;12;5;Wednesday;;;;
09/12/2015;CA;CA_3;FOODS_3;FOODS;FOODS_3_587;11545;d_1776;12;2.48;2015;12;5;Wednesday;;;;
09/12/2015;CA;CA_3;FOODS_3;FOODS;FOODS_3_714;11545;d_1776;18;1.58;2015;12;5;Wednesday;;;;
09/12/2015;CA;CA_4;FOODS_3;FOODS;FOODS_3_090;11545;d_1776;0;1.5;2015;12;5;Wednesday;;;;
09/12/2015;CA;CA_4;FOODS_3;FOODS;FOODS_3_120;11545;d_1776;0;4.98;2015;12;5;Wednesday;;;;
09/12/2015;CA;CA_4;FOODS_3;FOODS;FOODS_3_202;11545;d_1776;7;4.58;2015;12;5;Wednesday;;;;
09/12/2015;CA;CA_4;FOODS_3;FOODS;FOODS_3_252;11545;d_1776;4;1.58;2015;12;5;Wednesday;;;;
09/12/2015;CA;CA_4;FOODS_3;FOODS;FOODS_3_288;11545;d_1776;10;1.5;2015;12;5;Wednesday;;;;
09/12/2015;CA;CA_4;FOODS_3;FOODS;FOODS_3_329;11545;d_1776;0;2.98;2015;12;5;Wednesday;;;;
09/12/2015;CA;CA_4;FOODS_3;FOODS;FOODS_3_555;11545;d_1776;1;1.68;2015;12;5;Wednesday;;;;
09/12/2015;CA;CA_4;FOODS_3;FOODS;FOODS_3_586;11545;d_1776;11;1.68;2015;12;5;Wednesday;;;;
09/12/2015;CA;CA_4;FOODS_3;FOODS;FOODS_3_587;11545;d_1776;7;2.48;2015;12;5;Wednesday;;;;
09/12/2015;CA;CA_4;FOODS_3;FOODS;FOODS_3_714;11545;d_1776;6;1.58;2015;12;5;Wednesday;;;;
10/12/2015;CA;CA_3;FOODS_3;FOODS;FOODS_3_090;11545;d_1777;9;1.0;2015;12;6;Thursday;;;;
10/12/2015;CA;CA_3;FOODS_3;FOODS;FOODS_3_120;11545;d_1777;43;4.98;2015;12;6;Thursday;;;;
10/12/2015;CA;CA_3;FOODS_3;FOODS;FOODS_3_202;11545;d_1777;21;4.58;2015;12;6;Thursday;;;;
10/12/2015;CA;CA_3;FOODS_3;FOODS;FOODS_3_252;11545;d_1777;49;1.58;2015;12;6;Thursday;;;;
10/12/2015;CA;CA_3;FOODS_3;FOODS;FOODS_3_288;11545;d_1777;32;1.5;2015;12;6;Thursday;;;;
10/12/2015;CA;CA_3;FOODS_3;FOODS;FOODS_3_329;11545;d_1777;0;2.98;2015;12;6;Thursday;;;;
10/12/2015;CA;CA_3;FOODS_3;FOODS;FOODS_3_555;11545;d_1777;34;1.68;2015;12;6;Thursday;;;;
10/12/2015;CA;CA_3;FOODS_3;FOODS;FOODS_3_586;11545;d_1777;85;1.68;2015;12;6;Thursday;;;;
10/12/2015;CA;CA_3;FOODS_3;FOODS;FOODS_3_587;11545;d_1777;32;2.48;2015;12;6;Thursday;;;;
10/12/2015;CA;CA_3;FOODS_3;FOODS;FOODS_3_714;11545;d_1777;14;1.58;2015;12;6;Thursday;;;;
10/12/2015;CA;CA_4;FOODS_3;FOODS;FOODS_3_090;11545;d_1777;0;1.5;2015;12;6;Thursday;;;;
10/12/2015;CA;CA_4;FOODS_3;FOODS;FOODS_3_120;11545;d_1777;13;4.98;2015;12;6;Thursday;;;;
10/12/2015;CA;CA_4;FOODS_3;FOODS;FOODS_3_202;11545;d_1777;10;4.58;2015;12;6;Thursday;;;;
10/12/2015;CA;CA_4;FOODS_3;FOODS;FOODS_3_252;11545;d_1777;5;1.58;2015;12;6;Thursday;;;;
10/12/2015;CA;CA_4;FOODS_3;FOODS;FOODS_3_288;11545;d_1777;10;1.5;2015;12;6;Thursday;;;;
10/12/2015;CA;CA_4;FOODS_3;FOODS;FOODS_3_329;11545;d_1777;0;2.98;2015;12;6;Thursday;;;;
10/12/2015;CA;CA_4;FOODS_3;FOODS;FOODS_3_555;11545;d_1777;7;1.68;2015;12;6;Thursday;;;;
10/12/2015;CA;CA_4;FOODS_3;FOODS;FOODS_3_586;11545;d_1777;7;1.68;2015;12;6;Thursday;;;;
10/12/2015;CA;CA_4;FOODS_3;FOODS;FOODS_3_587;11545;d_1777;10;2.48;2015;12;6;Thursday;;;;
10/12/2015;CA;CA_4;FOODS_3;FOODS;FOODS_3_714;11545;d_1777;5;1.58;2015;12;6;Thursday;;;;
11/12/2015;CA;CA_3;FOODS_3;FOODS;FOODS_3_090;11545;d_1778;1;1.0;2015;12;7;Friday;;;;
11/12/2015;CA;CA_3;FOODS_3;FOODS;FOODS_3_120;11545;d_1778;69;4.98;2015;12;7;Friday;;;;
11/12/2015;CA;CA_3;FOODS_3;FOODS;FOODS_3_202;11545;d_1778;10;4.58;2015;12;7;Friday;;;;
11/12/2015;CA;CA_3;FOODS_3;FOODS;FOODS_3_252;11545;d_1778;36;1.58;2015;12;7;Friday;;;;
11/12/2015;CA;CA_3;FOODS_3;FOODS;FOODS_3_288;11545;d_1778;37;1.5;2015;12;7;Friday;;;;
11/12/2015;CA;CA_3;FOODS_3;FOODS;FOODS_3_329;11545;d_1778;1;2.98;2015;12;7;Friday;;;;
11/12/2015;CA;CA_3;FOODS_3;FOODS;FOODS_3_555;11545;d_1778;30;1.68;2015;12;7;Friday;;;;
11/12/2015;CA;CA_3;FOODS_3;FOODS;FOODS_3_586;11545;d_1778;55;1.68;2015;12;7;Friday;;;;
11/12/2015;CA;CA_3;FOODS_3;FOODS;FOODS_3_587;11545;d_1778;31;2.48;2015;12;7;Friday;;;;
11/12/2015;CA;CA_3;FOODS_3;FOODS;FOODS_3_714;11545;d_1778;18;1.58;2015;12;7;Friday;;;;
11/12/2015;CA;CA_4;FOODS_3;FOODS;FOODS_3_090;11545;d_1778;0;1.5;2015;12;7;Friday;;;;
11/12/2015;CA;CA_4;FOODS_3;FOODS;FOODS_3_120;11545;d_1778;9;4.98;2015;12;7;Friday;;;;
11/12/2015;CA;CA_4;FOODS_3;FOODS;FOODS_3_202;11545;d_1778;5;4.58;2015;12;7;Friday;;;;
11/12/2015;CA;CA_4;FOODS_3;FOODS;FOODS_3_252;11545;d_1778;7;1.58;2015;12;7;Friday;;;;
11/12/2015;CA;CA_4;FOODS_3;FOODS;FOODS_3_288;11545;d_1778;5;1.5;2015;12;7;Friday;;;;
11/12/2015;CA;CA_4;FOODS_3;FOODS;FOODS_3_329;11545;d_1778;0;2.98;2015;12;7;Friday;;;;
11/12/2015;CA;CA_4;FOODS_3;FOODS;FOODS_3_555;11545;d_1778;5;1.68;2015;12;7;Friday;;;;
11/12/2015;CA;CA_4;FOODS_3;FOODS;FOODS_3_586;11545;d_1778;9;1.68;2015;12;7;Friday;;;;
11/12/2015;CA;CA_4;FOODS_3;FOODS;FOODS_3_587;11545;d_1778;20;2.48;2015;12;7;Friday;;;;
11/12/2015;CA;CA_4;FOODS_3;FOODS;FOODS_3_714;11545;d_1778;11;1.58;2015;12;7;Friday;;;;
12/12/2015;CA;CA_3;FOODS_3;FOODS;FOODS_3_090;11546;d_1779;3;1.0;2015;12;1;Saturday;;;;
12/12/2015;CA;CA_3;FOODS_3;FOODS;FOODS_3_120;11546;d_1779;96;4.98;2015;12;1;Saturday;;;;
12/12/2015;CA;CA_3;FOODS_3;FOODS;FOODS_3_202;11546;d_1779;44;4.68;2015;12;1;Saturday;;;;
12/12/2015;CA;CA_3;FOODS_3;FOODS;FOODS_3_252;11546;d_1779;53;1.58;2015;12;1;Saturday;;;;
12/12/2015;CA;CA_3;FOODS_3;FOODS;FOODS_3_288;11546;d_1779;44;1.5;2015;12;1;Saturday;;;;
12/12/2015;CA;CA_3;FOODS_3;FOODS;FOODS_3_329;11546;d_1779;0;2.98;2015;12;1;Saturday;;;;
12/12/2015;CA;CA_3;FOODS_3;FOODS;FOODS_3_555;11546;d_1779;31;1.68;2015;12;1;Saturday;;;;
12/12/2015;CA;CA_3;FOODS_3;FOODS;FOODS_3_586;11546;d_1779;100;1.68;2015;12;1;Saturday;;;;
12/12/2015;CA;CA_3;FOODS_3;FOODS;FOODS_3_587;11546;d_1779;37;2.48;2015;12;1;Saturday;;;;
12/12/2015;CA;CA_3;FOODS_3;FOODS;FOODS_3_714;11546;d_1779;29;1.58;2015;12;1;Saturday;;;;
12/12/2015;CA;CA_4;FOODS_3;FOODS;FOODS_3_090;11546;d_1779;0;1.5;2015;12;1;Saturday;;;;
12/12/2015;CA;CA_4;FOODS_3;FOODS;FOODS_3_120;11546;d_1779;0;4.98;2015;12;1;Saturday;;;;
12/12/2015;CA;CA_4;FOODS_3;FOODS;FOODS_3_202;11546;d_1779;13;4.68;2015;12;1;Saturday;;;;
12/12/2015;CA;CA_4;FOODS_3;FOODS;FOODS_3_252;11546;d_1779;12;1.58;2015;12;1;Saturday;;;;
12/12/2015;CA;CA_4;FOODS_3;FOODS;FOODS_3_288;11546;d_1779;10;1.5;2015;12;1;Saturday;;;;
12/12/2015;CA;CA_4;FOODS_3;FOODS;FOODS_3_329;11546;d_1779;0;2.98;2015;12;1;Saturday;;;;
12/12/2015;CA;CA_4;FOODS_3;FOODS;FOODS_3_555;11546;d_1779;3;1.68;2015;12;1;Saturday;;;;
12/12/2015;CA;CA_4;FOODS_3;FOODS;FOODS_3_586;11546;d_1779;12;1.68;2015;12;1;Saturday;;;;
12/12/2015;CA;CA_4;FOODS_3;FOODS;FOODS_3_587;11546;d_1779;15;2.48;2015;12;1;Saturday;;;;
12/12/2015;CA;CA_4;FOODS_3;FOODS;FOODS_3_714;11546;d_1779;13;1.58;2015;12;1;Saturday;;;;
13/12/2015;CA;CA_3;FOODS_3;FOODS;FOODS_3_090;11546;d_1780;2;1.0;2015;12;2;Sunday;;;;
13/12/2015;CA;CA_3;FOODS_3;FOODS;FOODS_3_120;11546;d_1780;93;4.98;2015;12;2;Sunday;;;;
13/12/2015;CA;CA_3;FOODS_3;FOODS;FOODS_3_202;11546;d_1780;23;4.68;2015;12;2;Sunday;;;;
13/12/2015;CA;CA_3;FOODS_3;FOODS;FOODS_3_252;11546;d_1780;56;1.58;2015;12;2;Sunday;;;;
13/12/2015;CA;CA_3;FOODS_3;FOODS;FOODS_3_288;11546;d_1780;45;1.5;2015;12;2;Sunday;;;;
13/12/2015;CA;CA_3;FOODS_3;FOODS;FOODS_3_329;11546;d_1780;74;2.98;2015;12;2;Sunday;;;;
13/12/2015;CA;CA_3;FOODS_3;FOODS;FOODS_3_555;11546;d_1780;33;1.68;2015;12;2;Sunday;;;;
13/12/2015;CA;CA_3;FOODS_3;FOODS;FOODS_3_586;11546;d_1780;93;1.68;2015;12;2;Sunday;;;;
13/12/2015;CA;CA_3;FOODS_3;FOODS;FOODS_3_587;11546;d_1780;29;2.48;2015;12;2;Sunday;;;;
13/12/2015;CA;CA_3;FOODS_3;FOODS;FOODS_3_714;11546;d_1780;29;1.58;2015;12;2;Sunday;;;;
13/12/2015;CA;CA_4;FOODS_3;FOODS;FOODS_3_090;11546;d_1780;0;1.5;2015;12;2;Sunday;;;;
13/12/2015;CA;CA_4;FOODS_3;FOODS;FOODS_3_120;11546;d_1780;18;4.98;2015;12;2;Sunday;;;;
13/12/2015;CA;CA_4;FOODS_3;FOODS;FOODS_3_202;11546;d_1780;8;4.68;2015;12;2;Sunday;;;;
13/12/2015;CA;CA_4;FOODS_3;FOODS;FOODS_3_252;11546;d_1780;6;1.58;2015;12;2;Sunday;;;;
13/12/2015;CA;CA_4;FOODS_3;FOODS;FOODS_3_288;11546;d_1780;6;1.5;2015;12;2;Sunday;;;;
13/12/2015;CA;CA_4;FOODS_3;FOODS;FOODS_3_329;11546;d_1780;7;2.98;2015;12;2;Sunday;;;;
13/12/2015;CA;CA_4;FOODS_3;FOODS;FOODS_3_555;11546;d_1780;5;1.68;2015;12;2;Sunday;;;;
13/12/2015;CA;CA_4;FOODS_3;FOODS;FOODS_3_586;11546;d_1780;5;1.68;2015;12;2;Sunday;;;;
13/12/2015;CA;CA_4;FOODS_3;FOODS;FOODS_3_587;11546;d_1780;13;2.48;2015;12;2;Sunday;;;;
13/12/2015;CA;CA_4;FOODS_3;FOODS;FOODS_3_714;11546;d_1780;8;1.58;2015;12;2;Sunday;;;;
14/12/2015;CA;CA_3;FOODS_3;FOODS;FOODS_3_090;11546;d_1781;1;1.0;2015;12;3;Monday;Chanukah End;Religious;;
14/12/2015;CA;CA_3;FOODS_3;FOODS;FOODS_3_120;11546;d_1781;62;4.98;2015;12;3;Monday;Chanukah End;Religious;;
14/12/2015;CA;CA_3;FOODS_3;FOODS;FOODS_3_202;11546;d_1781;23;4.68;2015;12;3;Monday;Chanukah End;Religious;;
14/12/2015;CA;CA_3;FOODS_3;FOODS;FOODS_3_252;11546;d_1781;35;1.58;2015;12;3;Monday;Chanukah End;Religious;;
14/12/2015;CA;CA_3;FOODS_3;FOODS;FOODS_3_288;11546;d_1781;30;1.5;2015;12;3;Monday;Chanukah End;Religious;;
14/12/2015;CA;CA_3;FOODS_3;FOODS;FOODS_3_329;11546;d_1781;46;2.98;2015;12;3;Monday;Chanukah End;Religious;;
14/12/2015;CA;CA_3;FOODS_3;FOODS;FOODS_3_555;11546;d_1781;27;1.68;2015;12;3;Monday;Chanukah End;Religious;;
14/12/2015;CA;CA_3;FOODS_3;FOODS;FOODS_3_586;11546;d_1781;67;1.68;2015;12;3;Monday;Chanukah End;Religious;;
14/12/2015;CA;CA_3;FOODS_3;FOODS;FOODS_3_587;11546;d_1781;28;2.48;2015;12;3;Monday;Chanukah End;Religious;;
14/12/2015;CA;CA_3;FOODS_3;FOODS;FOODS_3_714;11546;d_1781;27;1.58;2015;12;3;Monday;Chanukah End;Religious;;
14/12/2015;CA;CA_4;FOODS_3;FOODS;FOODS_3_090;11546;d_1781;0;1.5;2015;12;3;Monday;Chanukah End;Religious;;
14/12/2015;CA;CA_4;FOODS_3;FOODS;FOODS_3_120;11546;d_1781;0;4.98;2015;12;3;Monday;Chanukah End;Religious;;
14/12/2015;CA;CA_4;FOODS_3;FOODS;FOODS_3_202;11546;d_1781;8;4.68;2015;12;3;Monday;Chanukah End;Religious;;
14/12/2015;CA;CA_4;FOODS_3;FOODS;FOODS_3_252;11546;d_1781;2;1.58;2015;12;3;Monday;Chanukah End;Religious;;
14/12/2015;CA;CA_4;FOODS_3;FOODS;FOODS_3_288;11546;d_1781;10;1.5;2015;12;3;Monday;Chanukah End;Religious;;
14/12/2015;CA;CA_4;FOODS_3;FOODS;FOODS_3_329;11546;d_1781;3;2.98;2015;12;3;Monday;Chanukah End;Religious;;
14/12/2015;CA;CA_4;FOODS_3;FOODS;FOODS_3_555;11546;d_1781;2;1.68;2015;12;3;Monday;Chanukah End;Religious;;
14/12/2015;CA;CA_4;FOODS_3;FOODS;FOODS_3_586;11546;d_1781;8;1.68;2015;12;3;Monday;Chanukah End;Religious;;
14/12/2015;CA;CA_4;FOODS_3;FOODS;FOODS_3_587;11546;d_1781;7;2.48;2015;12;3;Monday;Chanukah End;Religious;;
14/12/2015;CA;CA_4;FOODS_3;FOODS;FOODS_3_714;11546;d_1781;8;1.58;2015;12;3;Monday;Chanukah End;Religious;;
15/12/2015;CA;CA_3;FOODS_3;FOODS;FOODS_3_090;11546;d_1782;0;1.0;2015;12;4;Tuesday;;;;
15/12/2015;CA;CA_3;FOODS_3;FOODS;FOODS_3_120;11546;d_1782;61;4.98;2015;12;4;Tuesday;;;;
15/12/2015;CA;CA_3;FOODS_3;FOODS;FOODS_3_202;11546;d_1782;21;4.68;2015;12;4;Tuesday;;;;
15/12/2015;CA;CA_3;FOODS_3;FOODS;FOODS_3_252;11546;d_1782;32;1.58;2015;12;4;Tuesday;;;;
15/12/2015;CA;CA_3;FOODS_3;FOODS;FOODS_3_288;11546;d_1782;31;1.5;2015;12;4;Tuesday;;;;
15/12/2015;CA;CA_3;FOODS_3;FOODS;FOODS_3_329;11546;d_1782;40;2.98;2015;12;4;Tuesday;;;;
15/12/2015;CA;CA_3;FOODS_3;FOODS;FOODS_3_555;11546;d_1782;30;1.68;2015;12;4;Tuesday;;;;
15/12/2015;CA;CA_3;FOODS_3;FOODS;FOODS_3_586;11546;d_1782;82;1.68;2015;12;4;Tuesday;;;;
15/12/2015;CA;CA_3;FOODS_3;FOODS;FOODS_3_587;11546;d_1782;27;2.48;2015;12;4;Tuesday;;;;
15/12/2015;CA;CA_3;FOODS_3;FOODS;FOODS_3_714;11546;d_1782;16;1.58;2015;12;4;Tuesday;;;;
15/12/2015;CA;CA_4;FOODS_3;FOODS;FOODS_3_090;11546;d_1782;0;1.5;2015;12;4;Tuesday;;;;
15/12/2015;CA;CA_4;FOODS_3;FOODS;FOODS_3_120;11546;d_1782;3;4.98;2015;12;4;Tuesday;;;;
15/12/2015;CA;CA_4;FOODS_3;FOODS;FOODS_3_202;11546;d_1782;8;4.68;2015;12;4;Tuesday;;;;
15/12/2015;CA;CA_4;FOODS_3;FOODS;FOODS_3_252;11546;d_1782;3;1.58;2015;12;4;Tuesday;;;;
15/12/2015;CA;CA_4;FOODS_3;FOODS;FOODS_3_288;11546;d_1782;5;1.5;2015;12;4;Tuesday;;;;
15/12/2015;CA;CA_4;FOODS_3;FOODS;FOODS_3_329;11546;d_1782;3;2.98;2015;12;4;Tuesday;;;;
15/12/2015;CA;CA_4;FOODS_3;FOODS;FOODS_3_555;11546;d_1782;3;1.68;2015;12;4;Tuesday;;;;
15/12/2015;CA;CA_4;FOODS_3;FOODS;FOODS_3_586;11546;d_1782;21;1.68;2015;12;4;Tuesday;;;;
15/12/2015;CA;CA_4;FOODS_3;FOODS;FOODS_3_587;11546;d_1782;21;2.48;2015;12;4;Tuesday;;;;
15/12/2015;CA;CA_4;FOODS_3;FOODS;FOODS_3_714;11546;d_1782;12;1.58;2015;12;4;Tuesday;;;;
16/12/2015;CA;CA_3;FOODS_3;FOODS;FOODS_3_090;11546;d_1783;0;1.0;2015;12;5;Wednesday;;;;
16/12/2015;CA;CA_3;FOODS_3;FOODS;FOODS_3_120;11546;d_1783;52;4.98;2015;12;5;Wednesday;;;;
16/12/2015;CA;CA_3;FOODS_3;FOODS;FOODS_3_202;11546;d_1783;20;4.68;2015;12;5;Wednesday;;;;
16/12/2015;CA;CA_3;FOODS_3;FOODS;FOODS_3_252;11546;d_1783;36;1.58;2015;12;5;Wednesday;;;;
16/12/2015;CA;CA_3;FOODS_3;FOODS;FOODS_3_288;11546;d_1783;35;1.5;2015;12;5;Wednesday;;;;
16/12/2015;CA;CA_3;FOODS_3;FOODS;FOODS_3_329;11546;d_1783;64;2.98;2015;12;5;Wednesday;;;;
16/12/2015;CA;CA_3;FOODS_3;FOODS;FOODS_3_555;11546;d_1783;30;1.68;2015;12;5;Wednesday;;;;
16/12/2015;CA;CA_3;FOODS_3;FOODS;FOODS_3_586;11546;d_1783;76;1.68;2015;12;5;Wednesday;;;;
16/12/2015;CA;CA_3;FOODS_3;FOODS;FOODS_3_587;11546;d_1783;29;2.48;2015;12;5;Wednesday;;;;
16/12/2015;CA;CA_3;FOODS_3;FOODS;FOODS_3_714;11546;d_1783;19;1.58;2015;12;5;Wednesday;;;;
16/12/2015;CA;CA_4;FOODS_3;FOODS;FOODS_3_090;11546;d_1783;0;1.5;2015;12;5;Wednesday;;;;
16/12/2015;CA;CA_4;FOODS_3;FOODS;FOODS_3_120;11546;d_1783;16;4.98;2015;12;5;Wednesday;;;;
16/12/2015;CA;CA_4;FOODS_3;FOODS;FOODS_3_202;11546;d_1783;11;4.68;2015;12;5;Wednesday;;;;
16/12/2015;CA;CA_4;FOODS_3;FOODS;FOODS_3_252;11546;d_1783;5;1.58;2015;12;5;Wednesday;;;;
16/12/2015;CA;CA_4;FOODS_3;FOODS;FOODS_3_288;11546;d_1783;3;1.5;2015;12;5;Wednesday;;;;
16/12/2015;CA;CA_4;FOODS_3;FOODS;FOODS_3_329;11546;d_1783;10;2.98;2015;12;5;Wednesday;;;;
16/12/2015;CA;CA_4;FOODS_3;FOODS;FOODS_3_555;11546;d_1783;4;1.68;2015;12;5;Wednesday;;;;
16/12/2015;CA;CA_4;FOODS_3;FOODS;FOODS_3_586;11546;d_1783;10;1.68;2015;12;5;Wednesday;;;;
16/12/2015;CA;CA_4;FOODS_3;FOODS;FOODS_3_587;11546;d_1783;5;2.48;2015;12;5;Wednesday;;;;
16/12/2015;CA;CA_4;FOODS_3;FOODS;FOODS_3_714;11546;d_1783;11;1.58;2015;12;5;Wednesday;;;;
17/12/2015;CA;CA_3;FOODS_3;FOODS;FOODS_3_090;11546;d_1784;0;1.0;2015;12;6;Thursday;;;;
17/12/2015;CA;CA_3;FOODS_3;FOODS;FOODS_3_120;11546;d_1784;52;4.98;2015;12;6;Thursday;;;;
17/12/2015;CA;CA_3;FOODS_3;FOODS;FOODS_3_202;11546;d_1784;21;4.68;2015;12;6;Thursday;;;;
17/12/2015;CA;CA_3;FOODS_3;FOODS;FOODS_3_252;11546;d_1784;56;1.58;2015;12;6;Thursday;;;;
17/12/2015;CA;CA_3;FOODS_3;FOODS;FOODS_3_288;11546;d_1784;39;1.5;2015;12;6;Thursday;;;;
17/12/2015;CA;CA_3;FOODS_3;FOODS;FOODS_3_329;11546;d_1784;55;2.98;2015;12;6;Thursday;;;;
17/12/2015;CA;CA_3;FOODS_3;FOODS;FOODS_3_555;11546;d_1784;37;1.68;2015;12;6;Thursday;;;;
17/12/2015;CA;CA_3;FOODS_3;FOODS;FOODS_3_586;11546;d_1784;85;1.68;2015;12;6;Thursday;;;;
17/12/2015;CA;CA_3;FOODS_3;FOODS;FOODS_3_587;11546;d_1784;31;2.48;2015;12;6;Thursday;;;;
17/12/2015;CA;CA_3;FOODS_3;FOODS;FOODS_3_714;11546;d_1784;25;1.58;2015;12;6;Thursday;;;;
17/12/2015;CA;CA_4;FOODS_3;FOODS;FOODS_3_090;11546;d_1784;0;1.5;2015;12;6;Thursday;;;;
17/12/2015;CA;CA_4;FOODS_3;FOODS;FOODS_3_120;11546;d_1784;6;4.98;2015;12;6;Thursday;;;;
17/12/2015;CA;CA_4;FOODS_3;FOODS;FOODS_3_202;11546;d_1784;6;4.68;2015;12;6;Thursday;;;;
17/12/2015;CA;CA_4;FOODS_3;FOODS;FOODS_3_252;11546;d_1784;3;1.58;2015;12;6;Thursday;;;;
17/12/2015;CA;CA_4;FOODS_3;FOODS;FOODS_3_288;11546;d_1784;7;1.5;2015;12;6;Thursday;;;;
17/12/2015;CA;CA_4;FOODS_3;FOODS;FOODS_3_329;11546;d_1784;6;2.98;2015;12;6;Thursday;;;;
17/12/2015;CA;CA_4;FOODS_3;FOODS;FOODS_3_555;11546;d_1784;4;1.68;2015;12;6;Thursday;;;;
17/12/2015;CA;CA_4;FOODS_3;FOODS;FOODS_3_586;11546;d_1784;19;1.68;2015;12;6;Thursday;;;;
17/12/2015;CA;CA_4;FOODS_3;FOODS;FOODS_3_587;11546;d_1784;5;2.48;2015;12;6;Thursday;;;;
17/12/2015;CA;CA_4;FOODS_3;FOODS;FOODS_3_714;11546;d_1784;6;1.58;2015;12;6;Thursday;;;;
18/12/2015;CA;CA_3;FOODS_3;FOODS;FOODS_3_090;11546;d_1785;1;1.0;2015;12;7;Friday;;;;
18/12/2015;CA;CA_3;FOODS_3;FOODS;FOODS_3_120;11546;d_1785;51;4.98;2015;12;7;Friday;;;;
18/12/2015;CA;CA_3;FOODS_3;FOODS;FOODS_3_202;11546;d_1785;19;4.68;2015;12;7;Friday;;;;
18/12/2015;CA;CA_3;FOODS_3;FOODS;FOODS_3_252;11546;d_1785;56;1.58;2015;12;7;Friday;;;;
18/12/2015;CA;CA_3;FOODS_3;FOODS;FOODS_3_288;11546;d_1785;32;1.5;2015;12;7;Friday;;;;
18/12/2015;CA;CA_3;FOODS_3;FOODS;FOODS_3_329;11546;d_1785;43;2.98;2015;12;7;Friday;;;;
18/12/2015;CA;CA_3;FOODS_3;FOODS;FOODS_3_555;11546;d_1785;23;1.68;2015;12;7;Friday;;;;
18/12/2015;CA;CA_3;FOODS_3;FOODS;FOODS_3_586;11546;d_1785;59;1.68;2015;12;7;Friday;;;;
18/12/2015;CA;CA_3;FOODS_3;FOODS;FOODS_3_587;11546;d_1785;29;2.48;2015;12;7;Friday;;;;
18/12/2015;CA;CA_3;FOODS_3;FOODS;FOODS_3_714;11546;d_1785;24;1.58;2015;12;7;Friday;;;;
18/12/2015;CA;CA_4;FOODS_3;FOODS;FOODS_3_090;11546;d_1785;0;1.5;2015;12;7;Friday;;;;
18/12/2015;CA;CA_4;FOODS_3;FOODS;FOODS_3_120;11546;d_1785;12;4.98;2015;12;7;Friday;;;;
18/12/2015;CA;CA_4;FOODS_3;FOODS;FOODS_3_202;11546;d_1785;8;4.68;2015;12;7;Friday;;;;
18/12/2015;CA;CA_4;FOODS_3;FOODS;FOODS_3_252;11546;d_1785;5;1.58;2015;12;7;Friday;;;;
18/12/2015;CA;CA_4;FOODS_3;FOODS;FOODS_3_288;11546;d_1785;13;1.5;2015;12;7;Friday;;;;
18/12/2015;CA;CA_4;FOODS_3;FOODS;FOODS_3_329;11546;d_1785;4;2.98;2015;12;7;Friday;;;;
18/12/2015;CA;CA_4;FOODS_3;FOODS;FOODS_3_555;11546;d_1785;5;1.68;2015;12;7;Friday;;;;
18/12/2015;CA;CA_4;FOODS_3;FOODS;FOODS_3_586;11546;d_1785;10;1.68;2015;12;7;Friday;;;;
18/12/2015;CA;CA_4;FOODS_3;FOODS;FOODS_3_587;11546;d_1785;7;2.48;2015;12;7;Friday;;;;
18/12/2015;CA;CA_4;FOODS_3;FOODS;FOODS_3_714;11546;d_1785;8;1.58;2015;12;7;Friday;;;;
19/12/2015;CA;CA_3;FOODS_3;FOODS;FOODS_3_090;11547;d_1786;0;1.0;2015;12;1;Saturday;;;;
19/12/2015;CA;CA_3;FOODS_3;FOODS;FOODS_3_120;11547;d_1786;73;4.98;2015;12;1;Saturday;;;;
19/12/2015;CA;CA_3;FOODS_3;FOODS;FOODS_3_202;11547;d_1786;34;4.68;2015;12;1;Saturday;;;;
19/12/2015;CA;CA_3;FOODS_3;FOODS;FOODS_3_252;11547;d_1786;61;1.58;2015;12;1;Saturday;;;;
19/12/2015;CA;CA_3;FOODS_3;FOODS;FOODS_3_288;11547;d_1786;34;1.5;2015;12;1;Saturday;;;;
19/12/2015;CA;CA_3;FOODS_3;FOODS;FOODS_3_329;11547;d_1786;71;2.98;2015;12;1;Saturday;;;;
19/12/2015;CA;CA_3;FOODS_3;FOODS;FOODS_3_555;11547;d_1786;41;1.68;2015;12;1;Saturday;;;;
19/12/2015;CA;CA_3;FOODS_3;FOODS;FOODS_3_586;11547;d_1786;87;1.68;2015;12;1;Saturday;;;;
19/12/2015;CA;CA_3;FOODS_3;FOODS;FOODS_3_587;11547;d_1786;28;2.48;2015;12;1;Saturday;;;;
19/12/2015;CA;CA_3;FOODS_3;FOODS;FOODS_3_714;11547;d_1786;25;1.58;2015;12;1;Saturday;;;;
19/12/2015;CA;CA_4;FOODS_3;FOODS;FOODS_3_090;11547;d_1786;0;1.5;2015;12;1;Saturday;;;;
19/12/2015;CA;CA_4;FOODS_3;FOODS;FOODS_3_120;11547;d_1786;7;4.98;2015;12;1;Saturday;;;;
19/12/2015;CA;CA_4;FOODS_3;FOODS;FOODS_3_202;11547;d_1786;13;4.68;2015;12;1;Saturday;;;;
19/12/2015;CA;CA_4;FOODS_3;FOODS;FOODS_3_252;11547;d_1786;6;1.58;2015;12;1;Saturday;;;;
19/12/2015;CA;CA_4;FOODS_3;FOODS;FOODS_3_288;11547;d_1786;8;1.5;2015;12;1;Saturday;;;;
19/12/2015;CA;CA_4;FOODS_3;FOODS;FOODS_3_329;11547;d_1786;5;2.98;2015;12;1;Saturday;;;;
19/12/2015;CA;CA_4;FOODS_3;FOODS;FOODS_3_555;11547;d_1786;6;1.68;2015;12;1;Saturday;;;;
19/12/2015;CA;CA_4;FOODS_3;FOODS;FOODS_3_586;11547;d_1786;14;1.68;2015;12;1;Saturday;;;;
19/12/2015;CA;CA_4;FOODS_3;FOODS;FOODS_3_587;11547;d_1786;12;2.48;2015;12;1;Saturday;;;;
19/12/2015;CA;CA_4;FOODS_3;FOODS;FOODS_3_714;11547;d_1786;14;1.58;2015;12;1;Saturday;;;;
20/12/2015;CA;CA_3;FOODS_3;FOODS;FOODS_3_090;11547;d_1787;6;1.0;2015;12;2;Sunday;;;;
20/12/2015;CA;CA_3;FOODS_3;FOODS;FOODS_3_120;11547;d_1787;95;4.98;2015;12;2;Sunday;;;;
20/12/2015;CA;CA_3;FOODS_3;FOODS;FOODS_3_202;11547;d_1787;41;4.68;2015;12;2;Sunday;;;;
20/12/2015;CA;CA_3;FOODS_3;FOODS;FOODS_3_252;11547;d_1787;47;1.58;2015;12;2;Sunday;;;;
20/12/2015;CA;CA_3;FOODS_3;FOODS;FOODS_3_288;11547;d_1787;45;1.5;2015;12;2;Sunday;;;;
20/12/2015;CA;CA_3;FOODS_3;FOODS;FOODS_3_329;11547;d_1787;83;2.98;2015;12;2;Sunday;;;;
20/12/2015;CA;CA_3;FOODS_3;FOODS;FOODS_3_555;11547;d_1787;45;1.68;2015;12;2;Sunday;;;;
20/12/2015;CA;CA_3;FOODS_3;FOODS;FOODS_3_586;11547;d_1787;117;1.68;2015;12;2;Sunday;;;;
20/12/2015;CA;CA_3;FOODS_3;FOODS;FOODS_3_587;11547;d_1787;31;2.48;2015;12;2;Sunday;;;;
20/12/2015;CA;CA_3;FOODS_3;FOODS;FOODS_3_714;11547;d_1787;37;1.58;2015;12;2;Sunday;;;;
20/12/2015;CA;CA_4;FOODS_3;FOODS;FOODS_3_090;11547;d_1787;0;1.5;2015;12;2;Sunday;;;;
20/12/2015;CA;CA_4;FOODS_3;FOODS;FOODS_3_120;11547;d_1787;8;4.98;2015;12;2;Sunday;;;;
20/12/2015;CA;CA_4;FOODS_3;FOODS;FOODS_3_202;11547;d_1787;12;4.68;2015;12;2;Sunday;;;;
20/12/2015;CA;CA_4;FOODS_3;FOODS;FOODS_3_252;11547;d_1787;4;1.58;2015;12;2;Sunday;;;;
20/12/2015;CA;CA_4;FOODS_3;FOODS;FOODS_3_288;11547;d_1787;6;1.5;2015;12;2;Sunday;;;;
20/12/2015;CA;CA_4;FOODS_3;FOODS;FOODS_3_329;11547;d_1787;4;2.98;2015;12;2;Sunday;;;;
20/12/2015;CA;CA_4;FOODS_3;FOODS;FOODS_3_555;11547;d_1787;3;1.68;2015;12;2;Sunday;;;;
20/12/2015;CA;CA_4;FOODS_3;FOODS;FOODS_3_586;11547;d_1787;8;1.68;2015;12;2;Sunday;;;;
20/12/2015;CA;CA_4;FOODS_3;FOODS;FOODS_3_587;11547;d_1787;21;2.48;2015;12;2;Sunday;;;;
20/12/2015;CA;CA_4;FOODS_3;FOODS;FOODS_3_714;11547;d_1787;10;1.58;2015;12;2;Sunday;;;;
21/12/2015;CA;CA_3;FOODS_3;FOODS;FOODS_3_090;11547;d_1788;4;1.0;2015;12;3;Monday;;;;
21/12/2015;CA;CA_3;FOODS_3;FOODS;FOODS_3_120;11547;d_1788;65;4.98;2015;12;3;Monday;;;;
21/12/2015;CA;CA_3;FOODS_3;FOODS;FOODS_3_202;11547;d_1788;28;4.68;2015;12;3;Monday;;;;
21/12/2015;CA;CA_3;FOODS_3;FOODS;FOODS_3_252;11547;d_1788;39;1.58;2015;12;3;Monday;;;;
21/12/2015;CA;CA_3;FOODS_3;FOODS;FOODS_3_288;11547;d_1788;36;1.5;2015;12;3;Monday;;;;
21/12/2015;CA;CA_3;FOODS_3;FOODS;FOODS_3_329;11547;d_1788;45;2.98;2015;12;3;Monday;;;;
21/12/2015;CA;CA_3;FOODS_3;FOODS;FOODS_3_555;11547;d_1788;31;1.68;2015;12;3;Monday;;;;
21/12/2015;CA;CA_3;FOODS_3;FOODS;FOODS_3_586;11547;d_1788;76;1.68;2015;12;3;Monday;;;;
21/12/2015;CA;CA_3;FOODS_3;FOODS;FOODS_3_587;11547;d_1788;28;2.48;2015;12;3;Monday;;;;
21/12/2015;CA;CA_3;FOODS_3;FOODS;FOODS_3_714;11547;d_1788;14;1.58;2015;12;3;Monday;;;;
21/12/2015;CA;CA_4;FOODS_3;FOODS;FOODS_3_090;11547;d_1788;0;1.5;2015;12;3;Monday;;;;
21/12/2015;CA;CA_4;FOODS_3;FOODS;FOODS_3_120;11547;d_1788;2;4.98;2015;12;3;Monday;;;;
21/12/2015;CA;CA_4;FOODS_3;FOODS;FOODS_3_202;11547;d_1788;12;4.68;2015;12;3;Monday;;;;
21/12/2015;CA;CA_4;FOODS_3;FOODS;FOODS_3_252;11547;d_1788;1;1.58;2015;12;3;Monday;;;;
21/12/2015;CA;CA_4;FOODS_3;FOODS;FOODS_3_288;11547;d_1788;2;1.5;2015;12;3;Monday;;;;
21/12/2015;CA;CA_4;FOODS_3;FOODS;FOODS_3_329;11547;d_1788;4;2.98;2015;12;3;Monday;;;;
21/12/2015;CA;CA_4;FOODS_3;FOODS;FOODS_3_555;11547;d_1788;4;1.68;2015;12;3;Monday;;;;
21/12/2015;CA;CA_4;FOODS_3;FOODS;FOODS_3_586;11547;d_1788;10;1.68;2015;12;3;Monday;;;;
21/12/2015;CA;CA_4;FOODS_3;FOODS;FOODS_3_587;11547;d_1788;6;2.48;2015;12;3;Monday;;;;
21/12/2015;CA;CA_4;FOODS_3;FOODS;FOODS_3_714;11547;d_1788;14;1.58;2015;12;3;Monday;;;;
22/12/2015;CA;CA_3;FOODS_3;FOODS;FOODS_3_090;11547;d_1789;5;1.0;2015;12;4;Tuesday;;;;
22/12/2015;CA;CA_3;FOODS_3;FOODS;FOODS_3_120;11547;d_1789;54;4.98;2015;12;4;Tuesday;;;;
22/12/2015;CA;CA_3;FOODS_3;FOODS;FOODS_3_202;11547;d_1789;43;4.68;2015;12;4;Tuesday;;;;
22/12/2015;CA;CA_3;FOODS_3;FOODS;FOODS_3_252;11547;d_1789;31;1.58;2015;12;4;Tuesday;;;;
22/12/2015;CA;CA_3;FOODS_3;FOODS;FOODS_3_288;11547;d_1789;29;1.5;2015;12;4;Tuesday;;;;
22/12/2015;CA;CA_3;FOODS_3;FOODS;FOODS_3_329;11547;d_1789;66;2.98;2015;12;4;Tuesday;;;;
22/12/2015;CA;CA_3;FOODS_3;FOODS;FOODS_3_555;11547;d_1789;52;1.68;2015;12;4;Tuesday;;;;
22/12/2015;CA;CA_3;FOODS_3;FOODS;FOODS_3_586;11547;d_1789;93;1.68;2015;12;4;Tuesday;;;;
22/12/2015;CA;CA_3;FOODS_3;FOODS;FOODS_3_587;11547;d_1789;37;2.48;2015;12;4;Tuesday;;;;
22/12/2015;CA;CA_3;FOODS_3;FOODS;FOODS_3_714;11547;d_1789;32;1.58;2015;12;4;Tuesday;;;;
22/12/2015;CA;CA_4;FOODS_3;FOODS;FOODS_3_090;11547;d_1789;0;1.5;2015;12;4;Tuesday;;;;
22/12/2015;CA;CA_4;FOODS_3;FOODS;FOODS_3_120;11547;d_1789;0;4.98;2015;12;4;Tuesday;;;;
22/12/2015;CA;CA_4;FOODS_3;FOODS;FOODS_3_202;11547;d_1789;17;4.68;2015;12;4;Tuesday;;;;
22/12/2015;CA;CA_4;FOODS_3;FOODS;FOODS_3_252;11547;d_1789;11;1.58;2015;12;4;Tuesday;;;;
22/12/2015;CA;CA_4;FOODS_3;FOODS;FOODS_3_288;11547;d_1789;11;1.5;2015;12;4;Tuesday;;;;
22/12/2015;CA;CA_4;FOODS_3;FOODS;FOODS_3_329;11547;d_1789;7;2.98;2015;12;4;Tuesday;;;;
22/12/2015;CA;CA_4;FOODS_3;FOODS;FOODS_3_555;11547;d_1789;4;1.68;2015;12;4;Tuesday;;;;
22/12/2015;CA;CA_4;FOODS_3;FOODS;FOODS_3_586;11547;d_1789;10;1.68;2015;12;4;Tuesday;;;;
22/12/2015;CA;CA_4;FOODS_3;FOODS;FOODS_3_587;11547;d_1789;14;2.48;2015;12;4;Tuesday;;;;
22/12/2015;CA;CA_4;FOODS_3;FOODS;FOODS_3_714;11547;d_1789;15;1.58;2015;12;4;Tuesday;;;;
23/12/2015;CA;CA_3;FOODS_3;FOODS;FOODS_3_090;11547;d_1790;2;1.0;2015;12;5;Wednesday;;;;
23/12/2015;CA;CA_3;FOODS_3;FOODS;FOODS_3_120;11547;d_1790;63;4.98;2015;12;5;Wednesday;;;;
23/12/2015;CA;CA_3;FOODS_3;FOODS;FOODS_3_202;11547;d_1790;40;4.68;2015;12;5;Wednesday;;;;
23/12/2015;CA;CA_3;FOODS_3;FOODS;FOODS_3_252;11547;d_1790;43;1.58;2015;12;5;Wednesday;;;;
23/12/2015;CA;CA_3;FOODS_3;FOODS;FOODS_3_288;11547;d_1790;45;1.5;2015;12;5;Wednesday;;;;
23/12/2015;CA;CA_3;FOODS_3;FOODS;FOODS_3_329;11547;d_1790;56;2.98;2015;12;5;Wednesday;;;;
23/12/2015;CA;CA_3;FOODS_3;FOODS;FOODS_3_555;11547;d_1790;35;1.68;2015;12;5;Wednesday;;;;
23/12/2015;CA;CA_3;FOODS_3;FOODS;FOODS_3_586;11547;d_1790;77;1.68;2015;12;5;Wednesday;;;;
23/12/2015;CA;CA_3;FOODS_3;FOODS;FOODS_3_587;11547;d_1790;23;2.48;2015;12;5;Wednesday;;;;
23/12/2015;CA;CA_3;FOODS_3;FOODS;FOODS_3_714;11547;d_1790;21;1.58;2015;12;5;Wednesday;;;;
23/12/2015;CA;CA_4;FOODS_3;FOODS;FOODS_3_090;11547;d_1790;0;1.5;2015;12;5;Wednesday;;;;
23/12/2015;CA;CA_4;FOODS_3;FOODS;FOODS_3_120;11547;d_1790;0;4.98;2015;12;5;Wednesday;;;;
23/12/2015;CA;CA_4;FOODS_3;FOODS;FOODS_3_202;11547;d_1790;17;4.68;2015;12;5;Wednesday;;;;
23/12/2015;CA;CA_4;FOODS_3;FOODS;FOODS_3_252;11547;d_1790;6;1.58;2015;12;5;Wednesday;;;;
23/12/2015;CA;CA_4;FOODS_3;FOODS;FOODS_3_288;11547;d_1790;8;1.5;2015;12;5;Wednesday;;;;
23/12/2015;CA;CA_4;FOODS_3;FOODS;FOODS_3_329;11547;d_1790;3;2.98;2015;12;5;Wednesday;;;;
23/12/2015;CA;CA_4;FOODS_3;FOODS;FOODS_3_555;11547;d_1790;3;1.68;2015;12;5;Wednesday;;;;
23/12/2015;CA;CA_4;FOODS_3;FOODS;FOODS_3_586;11547;d_1790;14;1.68;2015;12;5;Wednesday;;;;
23/12/2015;CA;CA_4;FOODS_3;FOODS;FOODS_3_587;11547;d_1790;12;2.48;2015;12;5;Wednesday;;;;
23/12/2015;CA;CA_4;FOODS_3;FOODS;FOODS_3_714;11547;d_1790;17;1.58;2015;12;5;Wednesday;;;;
24/12/2015;0;CA_3;0;0;FOODS_3_090;0;0;0;1.0;0;12;6;Thursday;Chanukah End;0;0;0
24/12/2015;0;CA_3;0;0;FOODS_3_120;0;0;0;4.98;0;12;6;Thursday;Chanukah End;0;0;0
24/12/2015;0;CA_3;0;0;FOODS_3_202;0;0;0;4.68;0;12;6;Thursday;Chanukah End;0;0;0
24/12/2015;0;CA_3;0;0;FOODS_3_252;0;0;0;1.58;0;12;6;Thursday;Chanukah End;0;0;0
24/12/2015;0;CA_3;0;0;FOODS_3_288;0;0;0;1.5;0;12;6;Thursday;Chanukah End;0;0;0
24/12/2015;0;CA_3;0;0;FOODS_3_329;0;0;0;2.98;0;12;6;Thursday;Chanukah End;0;0;0
24/12/2015;0;CA_3;0;0;FOODS_3_555;0;0;0;1.68;0;12;6;Thursday;Chanukah End;0;0;0
24/12/2015;0;CA_3;0;0;FOODS_3_586;0;0;0;1.68;0;12;6;Thursday;Chanukah End;0;0;0
24/12/2015;0;CA_3;0;0;FOODS_3_587;0;0;0;2.48;0;12;6;Thursday;Chanukah End;0;0;0
24/12/2015;0;CA_3;0;0;FOODS_3_714;0;0;0;1.58;0;12;6;Thursday;Chanukah End;0;0;0
24/12/2015;0;CA_4;0;0;FOODS_3_090;0;0;0;1.5;0;12;6;Thursday;Chanukah End;0;0;0
24/12/2015;0;CA_4;0;0;FOODS_3_120;0;0;0;4.98;0;12;6;Thursday;Chanukah End;0;0;0
24/12/2015;0;CA_4;0;0;FOODS_3_202;0;0;0;4.68;0;12;6;Thursday;Chanukah End;0;0;0
24/12/2015;0;CA_4;0;0;FOODS_3_252;0;0;0;1.58;0;12;6;Thursday;Chanukah End;0;0;0
24/12/2015;0;CA_4;0;0;FOODS_3_288;0;0;0;1.5;0;12;6;Thursday;Chanukah End;0;0;0
24/12/2015;0;CA_4;0;0;FOODS_3_329;0;0;0;2.98;0;12;6;Thursday;Chanukah End;0;0;0
24/12/2015;0;CA_4;0;0;FOODS_3_555;0;0;0;1.68;0;12;6;Thursday;Chanukah End;0;0;0
24/12/2015;0;CA_4;0;0;FOODS_3_586;0;0;0;1.68;0;12;6;Thursday;Chanukah End;0;0;0
24/12/2015;0;CA_4;0;0;FOODS_3_587;0;0;0;2.48;0;12;6;Thursday;Chanukah End;0;0;0
24/12/2015;0;CA_4;0;0;FOODS_3_714;0;0;0;1.58;0;12;6;Thursday;Chanukah End;0;0;0
25/12/2015;0;CA_3;0;0;FOODS_3_090;0;0;0;1.0;0;12;7;Friday;Christmas;0;0;0
25/12/2015;0;CA_3;0;0;FOODS_3_120;0;0;0;4.98;0;12;7;Friday;Christmas;0;0;0
25/12/2015;0;CA_3;0;0;FOODS_3_202;0;0;0;4.68;0;12;7;Friday;Christmas;0;0;0
25/12/2015;0;CA_3;0;0;FOODS_3_252;0;0;0;1.58;0;12;7;Friday;Christmas;0;0;0
25/12/2015;0;CA_3;0;0;FOODS_3_288;0;0;0;1.5;0;12;7;Friday;Christmas;0;0;0
25/12/2015;0;CA_3;0;0;FOODS_3_329;0;0;0;2.98;0;12;7;Friday;Christmas;0;0;0
25/12/2015;0;CA_3;0;0;FOODS_3_555;0;0;0;1.68;0;12;7;Friday;Christmas;0;0;0
25/12/2015;0;CA_3;0;0;FOODS_3_586;0;0;0;1.68;0;12;7;Friday;Christmas;0;0;0
25/12/2015;0;CA_3;0;0;FOODS_3_587;0;0;0;2.48;0;12;7;Friday;Christmas;0;0;0
25/12/2015;0;CA_3;0;0;FOODS_3_714;0;0;0;1.58;0;12;7;Friday;Christmas;0;0;0
25/12/2015;0;CA_4;0;0;FOODS_3_090;0;0;0;1.5;0;12;7;Friday;Christmas;0;0;0
25/12/2015;0;CA_4;0;0;FOODS_3_120;0;0;0;4.98;0;12;7;Friday;Christmas;0;0;0
25/12/2015;0;CA_4;0;0;FOODS_3_202;0;0;0;4.68;0;12;7;Friday;Christmas;0;0;0
25/12/2015;0;CA_4;0;0;FOODS_3_252;0;0;0;1.58;0;12;7;Friday;Christmas;0;0;0
25/12/2015;0;CA_4;0;0;FOODS_3_288;0;0;0;1.5;0;12;7;Friday;Christmas;0;0;0
25/12/2015;0;CA_4;0;0;FOODS_3_329;0;0;0;2.98;0;12;7;Friday;Christmas;0;0;0
25/12/2015;0;CA_4;0;0;FOODS_3_555;0;0;0;1.68;0;12;7;Friday;Christmas;0;0;0
25/12/2015;0;CA_4;0;0;FOODS_3_586;0;0;0;1.68;0;12;7;Friday;Christmas;0;0;0
25/12/2015;0;CA_4;0;0;FOODS_3_587;0;0;0;2.48;0;12;7;Friday;Christmas;0;0;0
25/12/2015;0;CA_4;0;0;FOODS_3_714;0;0;0;1.58;0;12;7;Friday;Christmas;0;0;0
26/12/2015;0;CA_3;0;0;FOODS_3_090;0;0;0;1.0;0;12;1;Saturday;;0;0;0
26/12/2015;0;CA_3;0;0;FOODS_3_120;0;0;0;4.98;0;12;1;Saturday;;0;0;0
26/12/2015;0;CA_3;0;0;FOODS_3_202;0;0;0;4.68;0;12;1;Saturday;;0;0;0
26/12/2015;0;CA_3;0;0;FOODS_3_252;0;0;0;1.58;0;12;1;Saturday;;0;0;0
26/12/2015;0;CA_3;0;0;FOODS_3_288;0;0;0;1.5;0;12;1;Saturday;;0;0;0
26/12/2015;0;CA_3;0;0;FOODS_3_329;0;0;0;2.98;0;12;1;Saturday;;0;0;0
26/12/2015;0;CA_3;0;0;FOODS_3_555;0;0;0;1.68;0;12;1;Saturday;;0;0;0
26/12/2015;0;CA_3;0;0;FOODS_3_586;0;0;0;1.68;0;12;1;Saturday;;0;0;0
26/12/2015;0;CA_3;0;0;FOODS_3_587;0;0;0;2.48;0;12;1;Saturday;;0;0;0
26/12/2015;0;CA_3;0;0;FOODS_3_714;0;0;0;1.58;0;12;1;Saturday;;0;0;0
26/12/2015;0;CA_4;0;0;FOODS_3_090;0;0;0;1.5;0;12;1;Saturday;;0;0;0
26/12/2015;0;CA_4;0;0;FOODS_3_120;0;0;0;4.98;0;12;1;Saturday;;0;0;0
26/12/2015;0;CA_4;0;0;FOODS_3_202;0;0;0;4.68;0;12;1;Saturday;;0;0;0
26/12/2015;0;CA_4;0;0;FOODS_3_252;0;0;0;1.58;0;12;1;Saturday;;0;0;0
26/12/2015;0;CA_4;0;0;FOODS_3_288;0;0;0;1.5;0;12;1;Saturday;;0;0;0
26/12/2015;0;CA_4;0;0;FOODS_3_329;0;0;0;2.98;0;12;1;Saturday;;0;0;0
26/12/2015;0;CA_4;0;0;FOODS_3_555;0;0;0;1.68;0;12;1;Saturday;;0;0;0
26/12/2015;0;CA_4;0;0;FOODS_3_586;0;0;0;1.68;0;12;1;Saturday;;0;0;0
26/12/2015;0;CA_4;0;0;FOODS_3_587;0;0;0;2.48;0;12;1;Saturday;;0;0;0
26/12/2015;0;CA_4;0;0;FOODS_3_714;0;0;0;1.58;0;12;1;Saturday;;0;0;0
27/12/2015;0;CA_3;0;0;FOODS_3_090;0;0;0;1.0;0;12;2;Sunday;;0;0;0
27/12/2015;0;CA_3;0;0;FOODS_3_120;0;0;0;4.98;0;12;2;Sunday;;0;0;0
27/12/2015;0;CA_3;0;0;FOODS_3_202;0;0;0;4.68;0;12;2;Sunday;;0;0;0
27/12/2015;0;CA_3;0;0;FOODS_3_252;0;0;0;1.58;0;12;2;Sunday;;0;0;0
27/12/2015;0;CA_3;0;0;FOODS_3_288;0;0;0;1.5;0;12;2;Sunday;;0;0;0
27/12/2015;0;CA_3;0;0;FOODS_3_329;0;0;0;2.98;0;12;2;Sunday;;0;0;0
27/12/2015;0;CA_3;0;0;FOODS_3_555;0;0;0;1.68;0;12;2;Sunday;;0;0;0
27/12/2015;0;CA_3;0;0;FOODS_3_586;0;0;0;1.68;0;12;2;Sunday;;0;0;0
27/12/2015;0;CA_3;0;0;FOODS_3_587;0;0;0;2.48;0;12;2;Sunday;;0;0;0
27/12/2015;0;CA_3;0;0;FOODS_3_714;0;0;0;1.58;0;12;2;Sunday;;0;0;0
27/12/2015;0;CA_4;0;0;FOODS_3_090;0;0;0;1.5;0;12;2;Sunday;;0;0;0
27/12/2015;0;CA_4;0;0;FOODS_3_120;0;0;0;4.98;0;12;2;Sunday;;0;0;0
27/12/2015;0;CA_4;0;0;FOODS_3_202;0;0;0;4.68;0;12;2;Sunday;;0;0;0
27/12/2015;0;CA_4;0;0;FOODS_3_252;0;0;0;1.58;0;12;2;Sunday;;0;0;0
27/12/2015;0;CA_4;0;0;FOODS_3_288;0;0;0;1.5;0;12;2;Sunday;;0;0;0
27/12/2015;0;CA_4;0;0;FOODS_3_329;0;0;0;2.98;0;12;2;Sunday;;0;0;0
27/12/2015;0;CA_4;0;0;FOODS_3_555;0;0;0;1.68;0;12;2;Sunday;;0;0;0
27/12/2015;0;CA_4;0;0;FOODS_3_586;0;0;0;1.68;0;12;2;Sunday;;0;0;0
27/12/2015;0;CA_4;0;0;FOODS_3_587;0;0;0;2.48;0;12;2;Sunday;;0;0;0
27/12/2015;0;CA_4;0;0;FOODS_3_714;0;0;0;1.58;0;12;2;Sunday;;0;0;0
28/12/2015;0;CA_3;0;0;FOODS_3_090;0;0;0;1.0;0;12;3;Monday;;0;0;0
28/12/2015;0;CA_3;0;0;FOODS_3_120;0;0;0;4.98;0;12;3;Monday;;0;0;0
28/12/2015;0;CA_3;0;0;FOODS_3_202;0;0;0;4.68;0;12;3;Monday;;0;0;0
28/12/2015;0;CA_3;0;0;FOODS_3_252;0;0;0;1.58;0;12;3;Monday;;0;0;0
28/12/2015;0;CA_3;0;0;FOODS_3_288;0;0;0;1.5;0;12;3;Monday;;0;0;0
28/12/2015;0;CA_3;0;0;FOODS_3_329;0;0;0;2.98;0;12;3;Monday;;0;0;0
28/12/2015;0;CA_3;0;0;FOODS_3_555;0;0;0;1.68;0;12;3;Monday;;0;0;0
28/12/2015;0;CA_3;0;0;FOODS_3_586;0;0;0;1.68;0;12;3;Monday;;0;0;0
28/12/2015;0;CA_3;0;0;FOODS_3_587;0;0;0;2.48;0;12;3;Monday;;0;0;0
28/12/2015;0;CA_3;0;0;FOODS_3_714;0;0;0;1.58;0;12;3;Monday;;0;0;0
28/12/2015;0;CA_4;0;0;FOODS_3_090;0;0;0;1.5;0;12;3;Monday;;0;0;0
28/12/2015;0;CA_4;0;0;FOODS_3_120;0;0;0;4.98;0;12;3;Monday;;0;0;0
28/12/2015;0;CA_4;0;0;FOODS_3_202;0;0;0;4.68;0;12;3;Monday;;0;0;0
28/12/2015;0;CA_4;0;0;FOODS_3_252;0;0;0;1.58;0;12;3;Monday;;0;0;0
28/12/2015;0;CA_4;0;0;FOODS_3_288;0;0;0;1.5;0;12;3;Monday;;0;0;0
28/12/2015;0;CA_4;0;0;FOODS_3_329;0;0;0;2.98;0;12;3;Monday;;0;0;0
28/12/2015;0;CA_4;0;0;FOODS_3_555;0;0;0;1.68;0;12;3;Monday;;0;0;0
28/12/2015;0;CA_4;0;0;FOODS_3_586;0;0;0;1.68;0;12;3;Monday;;0;0;0
28/12/2015;0;CA_4;0;0;FOODS_3_587;0;0;0;2.48;0;12;3;Monday;;0;0;0
28/12/2015;0;CA_4;0;0;FOODS_3_714;0;0;0;1.58;0;12;3;Monday;;0;0;0
29/12/2015;0;CA_3;0;0;FOODS_3_090;0;0;0;1.0;0;12;4;Tuesday;;0;0;0
29/12/2015;0;CA_3;0;0;FOODS_3_120;0;0;0;4.98;0;12;4;Tuesday;;0;0;0
29/12/2015;0;CA_3;0;0;FOODS_3_202;0;0;0;4.68;0;12;4;Tuesday;;0;0;0
29/12/2015;0;CA_3;0;0;FOODS_3_252;0;0;0;1.58;0;12;4;Tuesday;;0;0;0
29/12/2015;0;CA_3;0;0;FOODS_3_288;0;0;0;1.5;0;12;4;Tuesday;;0;0;0
29/12/2015;0;CA_3;0;0;FOODS_3_329;0;0;0;2.98;0;12;4;Tuesday;;0;0;0
29/12/2015;0;CA_3;0;0;FOODS_3_555;0;0;0;1.68;0;12;4;Tuesday;;0;0;0
29/12/2015;0;CA_3;0;0;FOODS_3_586;0;0;0;1.68;0;12;4;Tuesday;;0;0;0
29/12/2015;0;CA_3;0;0;FOODS_3_587;0;0;0;2.48;0;12;4;Tuesday;;0;0;0
29/12/2015;0;CA_3;0;0;FOODS_3_714;0;0;0;1.58;0;12;4;Tuesday;;0;0;0
29/12/2015;0;CA_4;0;0;FOODS_3_090;0;0;0;1.5;0;12;4;Tuesday;;0;0;0
29/12/2015;0;CA_4;0;0;FOODS_3_120;0;0;0;4.98;0;12;4;Tuesday;;0;0;0
29/12/2015;0;CA_4;0;0;FOODS_3_202;0;0;0;4.68;0;12;4;Tuesday;;0;0;0
29/12/2015;0;CA_4;0;0;FOODS_3_252;0;0;0;1.58;0;12;4;Tuesday;;0;0;0
29/12/2015;0;CA_4;0;0;FOODS_3_288;0;0;0;1.5;0;12;4;Tuesday;;0;0;0
29/12/2015;0;CA_4;0;0;FOODS_3_329;0;0;0;2.98;0;12;4;Tuesday;;0;0;0
29/12/2015;0;CA_4;0;0;FOODS_3_555;0;0;0;1.68;0;12;4;Tuesday;;0;0;0
29/12/2015;0;CA_4;0;0;FOODS_3_586;0;0;0;1.68;0;12;4;Tuesday;;0;0;0
29/12/2015;0;CA_4;0;0;FOODS_3_587;0;0;0;2.48;0;12;4;Tuesday;;0;0;0
29/12/2015;0;CA_4;0;0;FOODS_3_714;0;0;0;1.58;0;12;4;Tuesday;;0;0;0
30/12/2015;0;CA_3;0;0;FOODS_3_090;0;0;0;1.0;0;12;5;Wednesday;;0;0;0
30/12/2015;0;CA_3;0;0;FOODS_3_120;0;0;0;4.98;0;12;5;Wednesday;;0;0;0
30/12/2015;0;CA_3;0;0;FOODS_3_202;0;0;0;4.68;0;12;5;Wednesday;;0;0;0
30/12/2015;0;CA_3;0;0;FOODS_3_252;0;0;0;1.58;0;12;5;Wednesday;;0;0;0
30/12/2015;0;CA_3;0;0;FOODS_3_288;0;0;0;1.5;0;12;5;Wednesday;;0;0;0
30/12/2015;0;CA_3;0;0;FOODS_3_329;0;0;0;2.98;0;12;5;Wednesday;;0;0;0
30/12/2015;0;CA_3;0;0;FOODS_3_555;0;0;0;1.68;0;12;5;Wednesday;;0;0;0
30/12/2015;0;CA_3;0;0;FOODS_3_586;0;0;0;1.68;0;12;5;Wednesday;;0;0;0
30/12/2015;0;CA_3;0;0;FOODS_3_587;0;0;0;2.48;0;12;5;Wednesday;;0;0;0
30/12/2015;0;CA_3;0;0;FOODS_3_714;0;0;0;1.58;0;12;5;Wednesday;;0;0;0
30/12/2015;0;CA_4;0;0;FOODS_3_090;0;0;0;1.5;0;12;5;Wednesday;;0;0;0
30/12/2015;0;CA_4;0;0;FOODS_3_120;0;0;0;4.98;0;12;5;Wednesday;;0;0;0
30/12/2015;0;CA_4;0;0;FOODS_3_202;0;0;0;4.68;0;12;5;Wednesday;;0;0;0
30/12/2015;0;CA_4;0;0;FOODS_3_252;0;0;0;1.58;0;12;5;Wednesday;;0;0;0
30/12/2015;0;CA_4;0;0;FOODS_3_288;0;0;0;1.5;0;12;5;Wednesday;;0;0;0
30/12/2015;0;CA_4;0;0;FOODS_3_329;0;0;0;2.98;0;12;5;Wednesday;;0;0;0
30/12/2015;0;CA_4;0;0;FOODS_3_555;0;0;0;1.68;0;12;5;Wednesday;;0;0;0
30/12/2015;0;CA_4;0;0;FOODS_3_586;0;0;0;1.68;0;12;5;Wednesday;;0;0;0
30/12/2015;0;CA_4;0;0;FOODS_3_587;0;0;0;2.48;0;12;5;Wednesday;;0;0;0
30/12/2015;0;CA_4;0;0;FOODS_3_714;0;0;0;1.58;0;12;5;Wednesday;;0;0;0
31/12/2015;0;CA_3;0;0;FOODS_3_090;0;0;0;1.0;0;12;6;Thursday;;0;0;0
31/12/2015;0;CA_3;0;0;FOODS_3_120;0;0;0;4.98;0;12;6;Thursday;;0;0;0
31/12/2015;0;CA_3;0;0;FOODS_3_202;0;0;0;4.68;0;12;6;Thursday;;0;0;0
31/12/2015;0;CA_3;0;0;FOODS_3_252;0;0;0;1.58;0;12;6;Thursday;;0;0;0
31/12/2015;0;CA_3;0;0;FOODS_3_288;0;0;0;1.5;0;12;6;Thursday;;0;0;0
31/12/2015;0;CA_3;0;0;FOODS_3_329;0;0;0;2.98;0;12;6;Thursday;;0;0;0
31/12/2015;0;CA_3;0;0;FOODS_3_555;0;0;0;1.68;0;12;6;Thursday;;0;0;0
31/12/2015;0;CA_3;0;0;FOODS_3_586;0;0;0;1.68;0;12;6;Thursday;;0;0;0
31/12/2015;0;CA_3;0;0;FOODS_3_587;0;0;0;2.48;0;12;6;Thursday;;0;0;0
31/12/2015;0;CA_3;0;0;FOODS_3_714;0;0;0;1.58;0;12;6;Thursday;;0;0;0
31/12/2015;0;CA_4;0;0;FOODS_3_090;0;0;0;1.5;0;12;6;Thursday;;0;0;0
31/12/2015;0;CA_4;0;0;FOODS_3_120;0;0;0;4.98;0;12;6;Thursday;;0;0;0
31/12/2015;0;CA_4;0;0;FOODS_3_202;0;0;0;4.68;0;12;6;Thursday;;0;0;0
31/12/2015;0;CA_4;0;0;FOODS_3_252;0;0;0;1.58;0;12;6;Thursday;;0;0;0
31/12/2015;0;CA_4;0;0;FOODS_3_288;0;0;0;1.5;0;12;6;Thursday;;0;0;0
31/12/2015;0;CA_4;0;0;FOODS_3_329;0;0;0;2.98;0;12;6;Thursday;;0;0;0
31/12/2015;0;CA_4;0;0;FOODS_3_555;0;0;0;1.68;0;12;6;Thursday;;0;0;0
31/12/2015;0;CA_4;0;0;FOODS_3_586;0;0;0;1.68;0;12;6;Thursday;;0;0;0
31/12/2015;0;CA_4;0;0;FOODS_3_587;0;0;0;2.48;0;12;6;Thursday;;0;0;0
31/12/2015;0;CA_4;0;0;FOODS_3_714;0;0;0;1.58;0;12;6;Thursday;;0;0;0
