date,state_id,store_id,dept_id,cat_id,item_id,wm_yr_wk,d,ventas,sell_price,year,month,wday,weekday,event_name_1,event_type_1,event_name_2,event_type_2
2015-12-01,CA,CA_3,FOODS_3,FOODS,FOODS_3_090,11544,d_1768,57,1.5,2015,12,4,Tuesday,,,,
2015-12-01,CA,CA_3,FOODS_3,FOODS,FOODS_3_120,11544,d_1768,109,4.98,2015,12,4,Tuesday,,,,
2015-12-01,CA,CA_3,FOODS_3,FOODS,FOODS_3_202,11544,d_1768,17,4.58,2015,12,4,Tuesday,,,,
2015-12-01,CA,CA_3,FOODS_3,FOODS,FOODS_3_252,11544,d_1768,29,1.58,2015,12,4,Tuesday,,,,
2015-12-01,CA,CA_3,FOODS_3,FOODS,FOODS_3_288,11544,d_1768,25,1.5,2015,12,4,Tuesday,,,,
2015-12-01,CA,CA_3,FOODS_3,FOODS,FOODS_3_329,11544,d_1768,17,2.98,2015,12,4,Tuesday,,,,
2015-12-01,CA,CA_3,FOODS_3,FOODS,FOODS_3_555,11544,d_1768,36,1.68,2015,12,4,Tuesday,,,,
2015-12-01,CA,CA_3,FOODS_3,FOODS,FOODS_3_586,11544,d_1768,60,1.68,2015,12,4,Tuesday,,,,
2015-12-01,CA,CA_3,FOODS_3,FOODS,FOODS_3_587,11544,d_1768,33,2.48,2015,12,4,Tuesday,,,,
2015-12-01,CA,CA_3,FOODS_3,FOODS,FOODS_3_714,11544,d_1768,28,1.58,2015,12,4,Tuesday,,,,
2015-12-01,CA,CA_4,FOODS_3,FOODS,FOODS_3_090,11544,d_1768,18,1.5,2015,12,4,Tuesday,,,,
2015-12-01,CA,CA_4,FOODS_3,FOODS,FOODS_3_120,11544,d_1768,6,4.98,2015,12,4,Tuesday,,,,
2015-12-01,CA,CA_4,FOODS_3,FOODS,FOODS_3_202,11544,d_1768,7,4.58,2015,12,4,Tuesday,,,,
2015-12-01,CA,CA_4,FOODS_3,FOODS,FOODS_3_252,11544,d_1768,3,1.58,2015,12,4,Tuesday,,,,
2015-12-01,CA,CA_4,FOODS_3,FOODS,FOODS_3_288,11544,d_1768,4,1.5,2015,12,4,Tuesday,,,,
2015-12-01,CA,CA_4,FOODS_3,FOODS,FOODS_3_329,11544,d_1768,2,2.98,2015,12,4,Tuesday,,,,
2015-12-01,CA,CA_4,FOODS_3,FOODS,FOODS_3_555,11544,d_1768,2,1.68,2015,12,4,Tuesday,,,,
2015-12-01,CA,CA_4,FOODS_3,FOODS,FOODS_3_586,11544,d_1768,4,1.68,2015,12,4,Tuesday,,,,
2015-12-01,CA,CA_4,FOODS_3,FOODS,FOODS_3_587,11544,d_1768,21,2.48,2015,12,4,Tuesday,,,,
2015-12-01,CA,CA_4,FOODS_3,FOODS,FOODS_3_714,11544,d_1768,6,1.58,2015,12,4,Tuesday,,,,
2015-12-02,CA,CA_3,FOODS_3,FOODS,FOODS_3_090,11544,d_1769,96,1.5,2015,12,5,Wednesday,,,,
2015-12-02,CA,CA_3,FOODS_3,FOODS,FOODS_3_120,11544,d_1769,53,4.98,2015,12,5,Wednesday,,,,
2015-12-02,CA,CA_3,FOODS_3,FOODS,FOODS_3_202,11544,d_1769,10,4.58,2015,12,5,Wednesday,,,,
2015-12-02,CA,CA_3,FOODS_3,FOODS,FOODS_3_252,11544,d_1769,34,1.58,2015,12,5,Wednesday,,,,
2015-12-02,CA,CA_3,FOODS_3,FOODS,FOODS_3_288,11544,d_1769,49,1.5,2015,12,5,Wednesday,,,,
2015-12-02,CA,CA_3,FOODS_3,FOODS,FOODS_3_329,11544,d_1769,32,2.98,2015,12,5,Wednesday,,,,
2015-12-02,CA,CA_3,FOODS_3,FOODS,FOODS_3_555,11544,d_1769,29,1.68,2015,12,5,Wednesday,,,,
2015-12-02,CA,CA_3,FOODS_3,FOODS,FOODS_3_586,11544,d_1769,53,1.68,2015,12,5,Wednesday,,,,
2015-12-02,CA,CA_3,FOODS_3,FOODS,FOODS_3_587,11544,d_1769,24,2.48,2015,12,5,Wednesday,,,,
2015-12-02,CA,CA_3,FOODS_3,FOODS,FOODS_3_714,11544,d_1769,27,1.58,2015,12,5,Wednesday,,,,
2015-12-02,CA,CA_4,FOODS_3,FOODS,FOODS_3_090,11544,d_1769,24,1.5,2015,12,5,Wednesday,,,,
2015-12-02,CA,CA_4,FOODS_3,FOODS,FOODS_3_120,11544,d_1769,5,4.98,2015,12,5,Wednesday,,,,
2015-12-02,CA,CA_4,FOODS_3,FOODS,FOODS_3_202,11544,d_1769,4,4.58,2015,12,5,Wednesday,,,,
2015-12-02,CA,CA_4,FOODS_3,FOODS,FOODS_3_252,11544,d_1769,5,1.58,2015,12,5,Wednesday,,,,
2015-12-02,CA,CA_4,FOODS_3,FOODS,FOODS_3_288,11544,d_1769,4,1.5,2015,12,5,Wednesday,,,,
2015-12-02,CA,CA_4,FOODS_3,FOODS,FOODS_3_329,11544,d_1769,4,2.98,2015,12,5,Wednesday,,,,
2015-12-02,CA,CA_4,FOODS_3,FOODS,FOODS_3_555,11544,d_1769,5,1.68,2015,12,5,Wednesday,,,,
2015-12-02,CA,CA_4,FOODS_3,FOODS,FOODS_3_586,11544,d_1769,8,1.68,2015,12,5,Wednesday,,,,
2015-12-02,CA,CA_4,FOODS_3,FOODS,FOODS_3_587,11544,d_1769,3,2.48,2015,12,5,Wednesday,,,,
2015-12-02,CA,CA_4,FOODS_3,FOODS,FOODS_3_714,11544,d_1769,4,1.58,2015,12,5,Wednesday,,,,
2015-12-03,CA,CA_3,FOODS_3,FOODS,FOODS_3_090,11544,d_1770,0,1.5,2015,12,6,Thursday,,,,
2015-12-03,CA,CA_3,FOODS_3,FOODS,FOODS_3_120,11544,d_1770,55,4.98,2015,12,6,Thursday,,,,
2015-12-03,CA,CA_3,FOODS_3,FOODS,FOODS_3_202,11544,d_1770,10,4.58,2015,12,6,Thursday,,,,
2015-12-03,CA,CA_3,FOODS_3,FOODS,FOODS_3_252,11544,d_1770,40,1.58,2015,12,6,Thursday,,,,
2015-12-03,CA,CA_3,FOODS_3,FOODS,FOODS_3_288,11544,d_1770,35,1.5,2015,12,6,Thursday,,,,
2015-12-03,CA,CA_3,FOODS_3,FOODS,FOODS_3_329,11544,d_1770,69,2.98,2015,12,6,Thursday,,,,
2015-12-03,CA,CA_3,FOODS_3,FOODS,FOODS_3_555,11544,d_1770,32,1.68,2015,12,6,Thursday,,,,
2015-12-03,CA,CA_3,FOODS_3,FOODS,FOODS_3_586,11544,d_1770,64,1.68,2015,12,6,Thursday,,,,
2015-12-03,CA,CA_3,FOODS_3,FOODS,FOODS_3_587,11544,d_1770,28,2.48,2015,12,6,Thursday,,,,
2015-12-03,CA,CA_3,FOODS_3,FOODS,FOODS_3_714,11544,d_1770,12,1.58,2015,12,6,Thursday,,,,
2015-12-03,CA,CA_4,FOODS_3,FOODS,FOODS_3_090,11544,d_1770,0,1.5,2015,12,6,Thursday,,,,
2015-12-03,CA,CA_4,FOODS_3,FOODS,FOODS_3_120,11544,d_1770,6,4.98,2015,12,6,Thursday,,,,
2015-12-03,CA,CA_4,FOODS_3,FOODS,FOODS_3_202,11544,d_1770,7,4.58,2015,12,6,Thursday,,,,
2015-12-03,CA,CA_4,FOODS_3,FOODS,FOODS_3_252,11544,d_1770,8,1.58,2015,12,6,Thursday,,,,
2015-12-03,CA,CA_4,FOODS_3,FOODS,FOODS_3_288,11544,d_1770,2,1.5,2015,12,6,Thursday,,,,
2015-12-03,CA,CA_4,FOODS_3,FOODS,FOODS_3_329,11544,d_1770,2,2.98,2015,12,6,Thursday,,,,
2015-12-03,CA,CA_4,FOODS_3,FOODS,FOODS_3_555,11544,d_1770,5,1.68,2015,12,6,Thursday,,,,
2015-12-03,CA,CA_4,FOODS_3,FOODS,FOODS_3_586,11544,d_1770,10,1.68,2015,12,6,Thursday,,,,
2015-12-03,CA,CA_4,FOODS_3,FOODS,FOODS_3_587,11544,d_1770,9,2.48,2015,12,6,Thursday,,,,
2015-12-03,CA,CA_4,FOODS_3,FOODS,FOODS_3_714,11544,d_1770,7,1.58,2015,12,6,Thursday,,,,
2015-12-04,CA,CA_3,FOODS_3,FOODS,FOODS_3_090,11544,d_1771,0,1.5,2015,12,7,Friday,,,,
2015-12-04,CA,CA_3,FOODS_3,FOODS,FOODS_3_120,11544,d_1771,82,4.98,2015,12,7,Friday,,,,
2015-12-04,CA,CA_3,FOODS_3,FOODS,FOODS_3_202,11544,d_1771,14,4.58,2015,12,7,Friday,,,,
2015-12-04,CA,CA_3,FOODS_3,FOODS,FOODS_3_252,11544,d_1771,28,1.58,2015,12,7,Friday,,,,
2015-12-04,CA,CA_3,FOODS_3,FOODS,FOODS_3_288,11544,d_1771,42,1.5,2015,12,7,Friday,,,,
2015-12-04,CA,CA_3,FOODS_3,FOODS,FOODS_3_329,11544,d_1771,1,2.98,2015,12,7,Friday,,,,
2015-12-04,CA,CA_3,FOODS_3,FOODS,FOODS_3_555,11544,d_1771,36,1.68,2015,12,7,Friday,,,,
2015-12-04,CA,CA_3,FOODS_3,FOODS,FOODS_3_586,11544,d_1771,71,1.68,2015,12,7,Friday,,,,
2015-12-04,CA,CA_3,FOODS_3,FOODS,FOODS_3_587,11544,d_1771,42,2.48,2015,12,7,Friday,,,,
2015-12-04,CA,CA_3,FOODS_3,FOODS,FOODS_3_714,11544,d_1771,23,1.58,2015,12,7,Friday,,,,
2015-12-04,CA,CA_4,FOODS_3,FOODS,FOODS_3_090,11544,d_1771,0,1.5,2015,12,7,Friday,,,,
2015-12-04,CA,CA_4,FOODS_3,FOODS,FOODS_3_120,11544,d_1771,10,4.98,2015,12,7,Friday,,,,
2015-12-04,CA,CA_4,FOODS_3,FOODS,FOODS_3_202,11544,d_1771,12,4.58,2015,12,7,Friday,,,,
2015-12-04,CA,CA_4,FOODS_3,FOODS,FOODS_3_252,11544,d_1771,7,1.58,2015,12,7,Friday,,,,
2015-12-04,CA,CA_4,FOODS_3,FOODS,FOODS_3_288,11544,d_1771,8,1.5,2015,12,7,Friday,,,,
2015-12-04,CA,CA_4,FOODS_3,FOODS,FOODS_3_329,11544,d_1771,0,2.98,2015,12,7,Friday,,,,
2015-12-04,CA,CA_4,FOODS_3,FOODS,FOODS_3_555,11544,d_1771,6,1.68,2015,12,7,Friday,,,,
2015-12-04,CA,CA_4,FOODS_3,FOODS,FOODS_3_586,11544,d_1771,19,1.68,2015,12,7,Friday,,,,
2015-12-04,CA,CA_4,FOODS_3,FOODS,FOODS_3_587,11544,d_1771,9,2.48,2015,12,7,Friday,,,,
2015-12-04,CA,CA_4,FOODS_3,FOODS,FOODS_3_714,11544,d_1771,16,1.58,2015,12,7,Friday,,,,
2015-12-05,CA,CA_3,FOODS_3,FOODS,FOODS_3_090,11545,d_1772,2,1.0,2015,12,1,Saturday,,,,
2015-12-05,CA,CA_3,FOODS_3,FOODS,FOODS_3_120,11545,d_1772,83,4.98,2015,12,1,Saturday,,,,
2015-12-05,CA,CA_3,FOODS_3,FOODS,FOODS_3_202,11545,d_1772,27,4.58,2015,12,1,Saturday,,,,
2015-12-05,CA,CA_3,FOODS_3,FOODS,FOODS_3_252,11545,d_1772,52,1.58,2015,12,1,Saturday,,,,
2015-12-05,CA,CA_3,FOODS_3,FOODS,FOODS_3_288,11545,d_1772,41,1.5,2015,12,1,Saturday,,,,
2015-12-05,CA,CA_3,FOODS_3,FOODS,FOODS_3_329,11545,d_1772,1,2.98,2015,12,1,Saturday,,,,
2015-12-05,CA,CA_3,FOODS_3,FOODS,FOODS_3_555,11545,d_1772,31,1.68,2015,12,1,Saturday,,,,
2015-12-05,CA,CA_3,FOODS_3,FOODS,FOODS_3_586,11545,d_1772,86,1.68,2015,12,1,Saturday,,,,
2015-12-05,CA,CA_3,FOODS_3,FOODS,FOODS_3_587,11545,d_1772,37,2.48,2015,12,1,Saturday,,,,
2015-12-05,CA,CA_3,FOODS_3,FOODS,FOODS_3_714,11545,d_1772,30,1.58,2015,12,1,Saturday,,,,
2015-12-05,CA,CA_4,FOODS_3,FOODS,FOODS_3_090,11545,d_1772,0,1.5,2015,12,1,Saturday,,,,
2015-12-05,CA,CA_4,FOODS_3,FOODS,FOODS_3_120,11545,d_1772,1,4.98,2015,12,1,Saturday,,,,
2015-12-05,CA,CA_4,FOODS_3,FOODS,FOODS_3_202,11545,d_1772,11,4.58,2015,12,1,Saturday,,,,
2015-12-05,CA,CA_4,FOODS_3,FOODS,FOODS_3_252,11545,d_1772,2,1.58,2015,12,1,Saturday,,,,
2015-12-05,CA,CA_4,FOODS_3,FOODS,FOODS_3_288,11545,d_1772,5,1.5,2015,12,1,Saturday,,,,
2015-12-05,CA,CA_4,FOODS_3,FOODS,FOODS_3_329,11545,d_1772,0,2.98,2015,12,1,Saturday,,,,
2015-12-05,CA,CA_4,FOODS_3,FOODS,FOODS_3_555,11545,d_1772,12,1.68,2015,12,1,Saturday,,,,
2015-12-05,CA,CA_4,FOODS_3,FOODS,FOODS_3_586,11545,d_1772,10,1.68,2015,12,1,Saturday,,,,
2015-12-05,CA,CA_4,FOODS_3,FOODS,FOODS_3_587,11545,d_1772,13,2.48,2015,12,1,Saturday,,,,
2015-12-05,CA,CA_4,FOODS_3,FOODS,FOODS_3_714,11545,d_1772,12,1.58,2015,12,1,Saturday,,,,
2015-12-06,CA,CA_3,FOODS_3,FOODS,FOODS_3_090,11545,d_1773,0,1.0,2015,12,2,Sunday,,,,
2015-12-06,CA,CA_3,FOODS_3,FOODS,FOODS_3_120,11545,d_1773,87,4.98,2015,12,2,Sunday,,,,
2015-12-06,CA,CA_3,FOODS_3,FOODS,FOODS_3_202,11545,d_1773,25,4.58,2015,12,2,Sunday,,,,
2015-12-06,CA,CA_3,FOODS_3,FOODS,FOODS_3_252,11545,d_1773,66,1.58,2015,12,2,Sunday,,,,
2015-12-06,CA,CA_3,FOODS_3,FOODS,FOODS_3_288,11545,d_1773,64,1.5,2015,12,2,Sunday,,,,
2015-12-06,CA,CA_3,FOODS_3,FOODS,FOODS_3_329,11545,d_1773,0,2.98,2015,12,2,Sunday,,,,
2015-12-06,CA,CA_3,FOODS_3,FOODS,FOODS_3_555,11545,d_1773,47,1.68,2015,12,2,Sunday,,,,
2015-12-06,CA,CA_3,FOODS_3,FOODS,FOODS_3_586,11545,d_1773,108,1.68,2015,12,2,Sunday,,,,
2015-12-06,CA,CA_3,FOODS_3,FOODS,FOODS_3_587,11545,d_1773,65,2.48,2015,12,2,Sunday,,,,
2015-12-06,CA,CA_3,FOODS_3,FOODS,FOODS_3_714,11545,d_1773,38,1.58,2015,12,2,Sunday,,,,
2015-12-06,CA,CA_4,FOODS_3,FOODS,FOODS_3_090,11545,d_1773,0,1.5,2015,12,2,Sunday,,,,
2015-12-06,CA,CA_4,FOODS_3,FOODS,FOODS_3_120,11545,d_1773,27,4.98,2015,12,2,Sunday,,,,
2015-12-06,CA,CA_4,FOODS_3,FOODS,FOODS_3_202,11545,d_1773,12,4.58,2015,12,2,Sunday,,,,
2015-12-06,CA,CA_4,FOODS_3,FOODS,FOODS_3_252,11545,d_1773,10,1.58,2015,12,2,Sunday,,,,
2015-12-06,CA,CA_4,FOODS_3,FOODS,FOODS_3_288,11545,d_1773,9,1.5,2015,12,2,Sunday,,,,
2015-12-06,CA,CA_4,FOODS_3,FOODS,FOODS_3_329,11545,d_1773,0,2.98,2015,12,2,Sunday,,,,
2015-12-06,CA,CA_4,FOODS_3,FOODS,FOODS_3_555,11545,d_1773,3,1.68,2015,12,2,Sunday,,,,
2015-12-06,CA,CA_4,FOODS_3,FOODS,FOODS_3_586,11545,d_1773,12,1.68,2015,12,2,Sunday,,,,
2015-12-06,CA,CA_4,FOODS_3,FOODS,FOODS_3_587,11545,d_1773,21,2.48,2015,12,2,Sunday,,,,
2015-12-06,CA,CA_4,FOODS_3,FOODS,FOODS_3_714,11545,d_1773,14,1.58,2015,12,2,Sunday,,,,
2015-12-07,CA,CA_3,FOODS_3,FOODS,FOODS_3_090,11545,d_1774,1,1.0,2015,12,3,Monday,,,,
2015-12-07,CA,CA_3,FOODS_3,FOODS,FOODS_3_120,11545,d_1774,77,4.98,2015,12,3,Monday,,,,
2015-12-07,CA,CA_3,FOODS_3,FOODS,FOODS_3_202,11545,d_1774,27,4.58,2015,12,3,Monday,,,,
2015-12-07,CA,CA_3,FOODS_3,FOODS,FOODS_3_252,11545,d_1774,43,1.58,2015,12,3,Monday,,,,
2015-12-07,CA,CA_3,FOODS_3,FOODS,FOODS_3_288,11545,d_1774,35,1.5,2015,12,3,Monday,,,,
2015-12-07,CA,CA_3,FOODS_3,FOODS,FOODS_3_329,11545,d_1774,2,2.98,2015,12,3,Monday,,,,
2015-12-07,CA,CA_3,FOODS_3,FOODS,FOODS_3_555,11545,d_1774,33,1.68,2015,12,3,Monday,,,,
2015-12-07,CA,CA_3,FOODS_3,FOODS,FOODS_3_586,11545,d_1774,65,1.68,2015,12,3,Monday,,,,
2015-12-07,CA,CA_3,FOODS_3,FOODS,FOODS_3_587,11545,d_1774,33,2.48,2015,12,3,Monday,,,,
2015-12-07,CA,CA_3,FOODS_3,FOODS,FOODS_3_714,11545,d_1774,18,1.58,2015,12,3,Monday,,,,
2015-12-07,CA,CA_4,FOODS_3,FOODS,FOODS_3_090,11545,d_1774,0,1.5,2015,12,3,Monday,,,,
2015-12-07,CA,CA_4,FOODS_3,FOODS,FOODS_3_120,11545,d_1774,0,4.98,2015,12,3,Monday,,,,
2015-12-07,CA,CA_4,FOODS_3,FOODS,FOODS_3_202,11545,d_1774,6,4.58,2015,12,3,Monday,,,,
2015-12-07,CA,CA_4,FOODS_3,FOODS,FOODS_3_252,11545,d_1774,4,1.58,2015,12,3,Monday,,,,
2015-12-07,CA,CA_4,FOODS_3,FOODS,FOODS_3_288,11545,d_1774,4,1.5,2015,12,3,Monday,,,,
2015-12-07,CA,CA_4,FOODS_3,FOODS,FOODS_3_329,11545,d_1774,0,2.98,2015,12,3,Monday,,,,
2015-12-07,CA,CA_4,FOODS_3,FOODS,FOODS_3_555,11545,d_1774,4,1.68,2015,12,3,Monday,,,,
2015-12-07,CA,CA_4,FOODS_3,FOODS,FOODS_3_586,11545,d_1774,9,1.68,2015,12,3,Monday,,,,
2015-12-07,CA,CA_4,FOODS_3,FOODS,FOODS_3_587,11545,d_1774,11,2.48,2015,12,3,Monday,,,,
2015-12-07,CA,CA_4,FOODS_3,FOODS,FOODS_3_714,11545,d_1774,11,1.58,2015,12,3,Monday,,,,
2015-12-08,CA,CA_3,FOODS_3,FOODS,FOODS_3_090,11545,d_1775,0,1.0,2015,12,4,Tuesday,,,,
2015-12-08,CA,CA_3,FOODS_3,FOODS,FOODS_3_120,11545,d_1775,60,4.98,2015,12,4,Tuesday,,,,
2015-12-08,CA,CA_3,FOODS_3,FOODS,FOODS_3_202,11545,d_1775,22,4.58,2015,12,4,Tuesday,,,,
2015-12-08,CA,CA_3,FOODS_3,FOODS,FOODS_3_252,11545,d_1775,44,1.58,2015,12,4,Tuesday,,,,
2015-12-08,CA,CA_3,FOODS_3,FOODS,FOODS_3_288,11545,d_1775,39,1.5,2015,12,4,Tuesday,,,,
2015-12-08,CA,CA_3,FOODS_3,FOODS,FOODS_3_329,11545,d_1775,0,2.98,2015,12,4,Tuesday,,,,
2015-12-08,CA,CA_3,FOODS_3,FOODS,FOODS_3_555,11545,d_1775,43,1.68,2015,12,4,Tuesday,,,,
2015-12-08,CA,CA_3,FOODS_3,FOODS,FOODS_3_586,11545,d_1775,73,1.68,2015,12,4,Tuesday,,,,
2015-12-08,CA,CA_3,FOODS_3,FOODS,FOODS_3_587,11545,d_1775,26,2.48,2015,12,4,Tuesday,,,,
2015-12-08,CA,CA_3,FOODS_3,FOODS,FOODS_3_714,11545,d_1775,27,1.58,2015,12,4,Tuesday,,,,
2015-12-08,CA,CA_4,FOODS_3,FOODS,FOODS_3_090,11545,d_1775,0,1.5,2015,12,4,Tuesday,,,,
2015-12-08,CA,CA_4,FOODS_3,FOODS,FOODS_3_120,11545,d_1775,17,4.98,2015,12,4,Tuesday,,,,
2015-12-08,CA,CA_4,FOODS_3,FOODS,FOODS_3_202,11545,d_1775,7,4.58,2015,12,4,Tuesday,,,,
2015-12-08,CA,CA_4,FOODS_3,FOODS,FOODS_3_252,11545,d_1775,3,1.58,2015,12,4,Tuesday,,,,
2015-12-08,CA,CA_4,FOODS_3,FOODS,FOODS_3_288,11545,d_1775,6,1.5,2015,12,4,Tuesday,,,,
2015-12-08,CA,CA_4,FOODS_3,FOODS,FOODS_3_329,11545,d_1775,0,2.98,2015,12,4,Tuesday,,,,
2015-12-08,CA,CA_4,FOODS_3,FOODS,FOODS_3_555,11545,d_1775,8,1.68,2015,12,4,Tuesday,,,,
2015-12-08,CA,CA_4,FOODS_3,FOODS,FOODS_3_586,11545,d_1775,8,1.68,2015,12,4,Tuesday,,,,
2015-12-08,CA,CA_4,FOODS_3,FOODS,FOODS_3_587,11545,d_1775,9,2.48,2015,12,4,Tuesday,,,,
2015-12-08,CA,CA_4,FOODS_3,FOODS,FOODS_3_714,11545,d_1775,9,1.58,2015,12,4,Tuesday,,,,
2015-12-09,CA,CA_3,FOODS_3,FOODS,FOODS_3_090,11545,d_1776,0,1.0,2015,12,5,Wednesday,,,,
2015-12-09,CA,CA_3,FOODS_3,FOODS,FOODS_3_120,11545,d_1776,58,4.98,2015,12,5,Wednesday,,,,
2015-12-09,CA,CA_3,FOODS_3,FOODS,FOODS_3_202,11545,d_1776,27,4.58,2015,12,5,Wednesday,,,,
2015-12-09,CA,CA_3,FOODS_3,FOODS,FOODS_3_252,11545,d_1776,46,1.58,2015,12,5,Wednesday,,,,
2015-12-09,CA,CA_3,FOODS_3,FOODS,FOODS_3_288,11545,d_1776,29,1.5,2015,12,5,Wednesday,,,,
2015-12-09,CA,CA_3,FOODS_3,FOODS,FOODS_3_329,11545,d_1776,0,2.98,2015,12,5,Wednesday,,,,
2015-12-09,CA,CA_3,FOODS_3,FOODS,FOODS_3_555,11545,d_1776,39,1.68,2015,12,5,Wednesday,,,,
2015-12-09,CA,CA_3,FOODS_3,FOODS,FOODS_3_586,11545,d_1776,63,1.68,2015,12,5,Wednesday,,,,
2015-12-09,CA,CA_3,FOODS_3,FOODS,FOODS_3_587,11545,d_1776,12,2.48,2015,12,5,Wednesday,,,,
2015-12-09,CA,CA_3,FOODS_3,FOODS,FOODS_3_714,11545,d_1776,18,1.58,2015,12,5,Wednesday,,,,
2015-12-09,CA,CA_4,FOODS_3,FOODS,FOODS_3_090,11545,d_1776,0,1.5,2015,12,5,Wednesday,,,,
2015-12-09,CA,CA_4,FOODS_3,FOODS,FOODS_3_120,11545,d_1776,0,4.98,2015,12,5,Wednesday,,,,
2015-12-09,CA,CA_4,FOODS_3,FOODS,FOODS_3_202,11545,d_1776,7,4.58,2015,12,5,Wednesday,,,,
2015-12-09,CA,CA_4,FOODS_3,FOODS,FOODS_3_252,11545,d_1776,4,1.58,2015,12,5,Wednesday,,,,
2015-12-09,CA,CA_4,FOODS_3,FOODS,FOODS_3_288,11545,d_1776,10,1.5,2015,12,5,Wednesday,,,,
2015-12-09,CA,CA_4,FOODS_3,FOODS,FOODS_3_329,11545,d_1776,0,2.98,2015,12,5,Wednesday,,,,
2015-12-09,CA,CA_4,FOODS_3,FOODS,FOODS_3_555,11545,d_1776,1,1.68,2015,12,5,Wednesday,,,,
2015-12-09,CA,CA_4,FOODS_3,FOODS,FOODS_3_586,11545,d_1776,11,1.68,2015,12,5,Wednesday,,,,
2015-12-09,CA,CA_4,FOODS_3,FOODS,FOODS_3_587,11545,d_1776,7,2.48,2015,12,5,Wednesday,,,,
2015-12-09,CA,CA_4,FOODS_3,FOODS,FOODS_3_714,11545,d_1776,6,1.58,2015,12,5,Wednesday,,,,
2015-12-10,CA,CA_3,FOODS_3,FOODS,FOODS_3_090,11545,d_1777,9,1.0,2015,12,6,Thursday,,,,
2015-12-10,CA,CA_3,FOODS_3,FOODS,FOODS_3_120,11545,d_1777,43,4.98,2015,12,6,Thursday,,,,
2015-12-10,CA,CA_3,FOODS_3,FOODS,FOODS_3_202,11545,d_1777,21,4.58,2015,12,6,Thursday,,,,
2015-12-10,CA,CA_3,FOODS_3,FOODS,FOODS_3_252,11545,d_1777,49,1.58,2015,12,6,Thursday,,,,
2015-12-10,CA,CA_3,FOODS_3,FOODS,FOODS_3_288,11545,d_1777,32,1.5,2015,12,6,Thursday,,,,
2015-12-10,CA,CA_3,FOODS_3,FOODS,FOODS_3_329,11545,d_1777,0,2.98,2015,12,6,Thursday,,,,
2015-12-10,CA,CA_3,FOODS_3,FOODS,FOODS_3_555,11545,d_1777,34,1.68,2015,12,6,Thursday,,,,
2015-12-10,CA,CA_3,FOODS_3,FOODS,FOODS_3_586,11545,d_1777,85,1.68,2015,12,6,Thursday,,,,
2015-12-10,CA,CA_3,FOODS_3,FOODS,FOODS_3_587,11545,d_1777,32,2.48,2015,12,6,Thursday,,,,
2015-12-10,CA,CA_3,FOODS_3,FOODS,FOODS_3_714,11545,d_1777,14,1.58,2015,12,6,Thursday,,,,
2015-12-10,CA,CA_4,FOODS_3,FOODS,FOODS_3_090,11545,d_1777,0,1.5,2015,12,6,Thursday,,,,
2015-12-10,CA,CA_4,FOODS_3,FOODS,FOODS_3_120,11545,d_1777,13,4.98,2015,12,6,Thursday,,,,
2015-12-10,CA,CA_4,FOODS_3,FOODS,FOODS_3_202,11545,d_1777,10,4.58,2015,12,6,Thursday,,,,
2015-12-10,CA,CA_4,FOODS_3,FOODS,FOODS_3_252,11545,d_1777,5,1.58,2015,12,6,Thursday,,,,
2015-12-10,CA,CA_4,FOODS_3,FOODS,FOODS_3_288,11545,d_1777,10,1.5,2015,12,6,Thursday,,,,
2015-12-10,CA,CA_4,FOODS_3,FOODS,FOODS_3_329,11545,d_1777,0,2.98,2015,12,6,Thursday,,,,
2015-12-10,CA,CA_4,FOODS_3,FOODS,FOODS_3_555,11545,d_1777,7,1.68,2015,12,6,Thursday,,,,
2015-12-10,CA,CA_4,FOODS_3,FOODS,FOODS_3_586,11545,d_1777,7,1.68,2015,12,6,Thursday,,,,
2015-12-10,CA,CA_4,FOODS_3,FOODS,FOODS_3_587,11545,d_1777,10,2.48,2015,12,6,Thursday,,,,
2015-12-10,CA,CA_4,FOODS_3,FOODS,FOODS_3_714,11545,d_1777,5,1.58,2015,12,6,Thursday,,,,
2015-12-11,CA,CA_3,FOODS_3,FOODS,FOODS_3_090,11545,d_1778,1,1.0,2015,12,7,Friday,,,,
2015-12-11,CA,CA_3,FOODS_3,FOODS,FOODS_3_120,11545,d_1778,69,4.98,2015,12,7,Friday,,,,
2015-12-11,CA,CA_3,FOODS_3,FOODS,FOODS_3_202,11545,d_1778,10,4.58,2015,12,7,Friday,,,,
2015-12-11,CA,CA_3,FOODS_3,FOODS,FOODS_3_252,11545,d_1778,36,1.58,2015,12,7,Friday,,,,
2015-12-11,CA,CA_3,FOODS_3,FOODS,FOODS_3_288,11545,d_1778,37,1.5,2015,12,7,Friday,,,,
2015-12-11,CA,CA_3,FOODS_3,FOODS,FOODS_3_329,11545,d_1778,1,2.98,2015,12,7,Friday,,,,
2015-12-11,CA,CA_3,FOODS_3,FOODS,FOODS_3_555,11545,d_1778,30,1.68,2015,12,7,Friday,,,,
2015-12-11,CA,CA_3,FOODS_3,FOODS,FOODS_3_586,11545,d_1778,55,1.68,2015,12,7,Friday,,,,
2015-12-11,CA,CA_3,FOODS_3,FOODS,FOODS_3_587,11545,d_1778,31,2.48,2015,12,7,Friday,,,,
2015-12-11,CA,CA_3,FOODS_3,FOODS,FOODS_3_714,11545,d_1778,18,1.58,2015,12,7,Friday,,,,
2015-12-11,CA,CA_4,FOODS_3,FOODS,FOODS_3_090,11545,d_1778,0,1.5,2015,12,7,Friday,,,,
2015-12-11,CA,CA_4,FOODS_3,FOODS,FOODS_3_120,11545,d_1778,9,4.98,2015,12,7,Friday,,,,
2015-12-11,CA,CA_4,FOODS_3,FOODS,FOODS_3_202,11545,d_1778,5,4.58,2015,12,7,Friday,,,,
2015-12-11,CA,CA_4,FOODS_3,FOODS,FOODS_3_252,11545,d_1778,7,1.58,2015,12,7,Friday,,,,
2015-12-11,CA,CA_4,FOODS_3,FOODS,FOODS_3_288,11545,d_1778,5,1.5,2015,12,7,Friday,,,,
2015-12-11,CA,CA_4,FOODS_3,FOODS,FOODS_3_329,11545,d_1778,0,2.98,2015,12,7,Friday,,,,
2015-12-11,CA,CA_4,FOODS_3,FOODS,FOODS_3_555,11545,d_1778,5,1.68,2015,12,7,Friday,,,,
2015-12-11,CA,CA_4,FOODS_3,FOODS,FOODS_3_586,11545,d_1778,9,1.68,2015,12,7,Friday,,,,
2015-12-11,CA,CA_4,FOODS_3,FOODS,FOODS_3_587,11545,d_1778,20,2.48,2015,12,7,Friday,,,,
2015-12-11,CA,CA_4,FOODS_3,FOODS,FOODS_3_714,11545,d_1778,11,1.58,2015,12,7,Friday,,,,
2015-12-12,CA,CA_3,FOODS_3,FOODS,FOODS_3_090,11546,d_1779,3,1.0,2015,12,1,Saturday,,,,
2015-12-12,CA,CA_3,FOODS_3,FOODS,FOODS_3_120,11546,d_1779,96,4.98,2015,12,1,Saturday,,,,
2015-12-12,CA,CA_3,FOODS_3,FOODS,FOODS_3_202,11546,d_1779,44,4.68,2015,12,1,Saturday,,,,
2015-12-12,CA,CA_3,FOODS_3,FOODS,FOODS_3_252,11546,d_1779,53,1.58,2015,12,1,Saturday,,,,
2015-12-12,CA,CA_3,FOODS_3,FOODS,FOODS_3_288,11546,d_1779,44,1.5,2015,12,1,Saturday,,,,
2015-12-12,CA,CA_3,FOODS_3,FOODS,FOODS_3_329,11546,d_1779,0,2.98,2015,12,1,Saturday,,,,
2015-12-12,CA,CA_3,FOODS_3,FOODS,FOODS_3_555,11546,d_1779,31,1.68,2015,12,1,Saturday,,,,
2015-12-12,CA,CA_3,FOODS_3,FOODS,FOODS_3_586,11546,d_1779,100,1.68,2015,12,1,Saturday,,,,
2015-12-12,CA,CA_3,FOODS_3,FOODS,FOODS_3_587,11546,d_1779,37,2.48,2015,12,1,Saturday,,,,
2015-12-12,CA,CA_3,FOODS_3,FOODS,FOODS_3_714,11546,d_1779,29,1.58,2015,12,1,Saturday,,,,
2015-12-12,CA,CA_4,FOODS_3,FOODS,FOODS_3_090,11546,d_1779,0,1.5,2015,12,1,Saturday,,,,
2015-12-12,CA,CA_4,FOODS_3,FOODS,FOODS_3_120,11546,d_1779,0,4.98,2015,12,1,Saturday,,,,
2015-12-12,CA,CA_4,FOODS_3,FOODS,FOODS_3_202,11546,d_1779,13,4.68,2015,12,1,Saturday,,,,
2015-12-12,CA,CA_4,FOODS_3,FOODS,FOODS_3_252,11546,d_1779,12,1.58,2015,12,1,Saturday,,,,
2015-12-12,CA,CA_4,FOODS_3,FOODS,FOODS_3_288,11546,d_1779,10,1.5,2015,12,1,Saturday,,,,
2015-12-12,CA,CA_4,FOODS_3,FOODS,FOODS_3_329,11546,d_1779,0,2.98,2015,12,1,Saturday,,,,
2015-12-12,CA,CA_4,FOODS_3,FOODS,FOODS_3_555,11546,d_1779,3,1.68,2015,12,1,Saturday,,,,
2015-12-12,CA,CA_4,FOODS_3,FOODS,FOODS_3_586,11546,d_1779,12,1.68,2015,12,1,Saturday,,,,
2015-12-12,CA,CA_4,FOODS_3,FOODS,FOODS_3_587,11546,d_1779,15,2.48,2015,12,1,Saturday,,,,
2015-12-12,CA,CA_4,FOODS_3,FOODS,FOODS_3_714,11546,d_1779,13,1.58,2015,12,1,Saturday,,,,
2015-12-13,CA,CA_3,FOODS_3,FOODS,FOODS_3_090,11546,d_1780,2,1.0,2015,12,2,Sunday,,,,
2015-12-13,CA,CA_3,FOODS_3,FOODS,FOODS_3_120,11546,d_1780,93,4.98,2015,12,2,Sunday,,,,
2015-12-13,CA,CA_3,FOODS_3,FOODS,FOODS_3_202,11546,d_1780,23,4.68,2015,12,2,Sunday,,,,
2015-12-13,CA,CA_3,FOODS_3,FOODS,FOODS_3_252,11546,d_1780,56,1.58,2015,12,2,Sunday,,,,
2015-12-13,CA,CA_3,FOODS_3,FOODS,FOODS_3_288,11546,d_1780,45,1.5,2015,12,2,Sunday,,,,
2015-12-13,CA,CA_3,FOODS_3,FOODS,FOODS_3_329,11546,d_1780,74,2.98,2015,12,2,Sunday,,,,
2015-12-13,CA,CA_3,FOODS_3,FOODS,FOODS_3_555,11546,d_1780,33,1.68,2015,12,2,Sunday,,,,
2015-12-13,CA,CA_3,FOODS_3,FOODS,FOODS_3_586,11546,d_1780,93,1.68,2015,12,2,Sunday,,,,
2015-12-13,CA,CA_3,FOODS_3,FOODS,FOODS_3_587,11546,d_1780,29,2.48,2015,12,2,Sunday,,,,
2015-12-13,CA,CA_3,FOODS_3,FOODS,FOODS_3_714,11546,d_1780,29,1.58,2015,12,2,Sunday,,,,
2015-12-13,CA,CA_4,FOODS_3,FOODS,FOODS_3_090,11546,d_1780,0,1.5,2015,12,2,Sunday,,,,
2015-12-13,CA,CA_4,FOODS_3,FOODS,FOODS_3_120,11546,d_1780,18,4.98,2015,12,2,Sunday,,,,
2015-12-13,CA,CA_4,FOODS_3,FOODS,FOODS_3_202,11546,d_1780,8,4.68,2015,12,2,Sunday,,,,
2015-12-13,CA,CA_4,FOODS_3,FOODS,FOODS_3_252,11546,d_1780,6,1.58,2015,12,2,Sunday,,,,
2015-12-13,CA,CA_4,FOODS_3,FOODS,FOODS_3_288,11546,d_1780,6,1.5,2015,12,2,Sunday,,,,
2015-12-13,CA,CA_4,FOODS_3,FOODS,FOODS_3_329,11546,d_1780,7,2.98,2015,12,2,Sunday,,,,
2015-12-13,CA,CA_4,FOODS_3,FOODS,FOODS_3_555,11546,d_1780,5,1.68,2015,12,2,Sunday,,,,
2015-12-13,CA,CA_4,FOODS_3,FOODS,FOODS_3_586,11546,d_1780,5,1.68,2015,12,2,Sunday,,,,
2015-12-13,CA,CA_4,FOODS_3,FOODS,FOODS_3_587,11546,d_1780,13,2.48,2015,12,2,Sunday,,,,
2015-12-13,CA,CA_4,FOODS_3,FOODS,FOODS_3_714,11546,d_1780,8,1.58,2015,12,2,Sunday,,,,
2015-12-14,CA,CA_3,FOODS_3,FOODS,FOODS_3_090,11546,d_1781,1,1.0,2015,12,3,Monday,Chanukah End,Religious,,
2015-12-14,CA,CA_3,FOODS_3,FOODS,FOODS_3_120,11546,d_1781,62,4.98,2015,12,3,Monday,Chanukah End,Religious,,
2015-12-14,CA,CA_3,FOODS_3,FOODS,FOODS_3_202,11546,d_1781,23,4.68,2015,12,3,Monday,Chanukah End,Religious,,
2015-12-14,CA,CA_3,FOODS_3,FOODS,FOODS_3_252,11546,d_1781,35,1.58,2015,12,3,Monday,Chanukah End,Religious,,
2015-12-14,CA,CA_3,FOODS_3,FOODS,FOODS_3_288,11546,d_1781,30,1.5,2015,12,3,Monday,Chanukah End,Religious,,
2015-12-14,CA,CA_3,FOODS_3,FOODS,FOODS_3_329,11546,d_1781,46,2.98,2015,12,3,Monday,Chanukah End,Religious,,
2015-12-14,CA,CA_3,FOODS_3,FOODS,FOODS_3_555,11546,d_1781,27,1.68,2015,12,3,Monday,Chanukah End,Religious,,
2015-12-14,CA,CA_3,FOODS_3,FOODS,FOODS_3_586,11546,d_1781,67,1.68,2015,12,3,Monday,Chanukah End,Religious,,
2015-12-14,CA,CA_3,FOODS_3,FOODS,FOODS_3_587,11546,d_1781,28,2.48,2015,12,3,Monday,Chanukah End,Religious,,
2015-12-14,CA,CA_3,FOODS_3,FOODS,FOODS_3_714,11546,d_1781,27,1.58,2015,12,3,Monday,Chanukah End,Religious,,
2015-12-14,CA,CA_4,FOODS_3,FOODS,FOODS_3_090,11546,d_1781,0,1.5,2015,12,3,Monday,Chanukah End,Religious,,
2015-12-14,CA,CA_4,FOODS_3,FOODS,FOODS_3_120,11546,d_1781,0,4.98,2015,12,3,Monday,Chanukah End,Religious,,
2015-12-14,CA,CA_4,FOODS_3,FOODS,FOODS_3_202,11546,d_1781,8,4.68,2015,12,3,Monday,Chanukah End,Religious,,
2015-12-14,CA,CA_4,FOODS_3,FOODS,FOODS_3_252,11546,d_1781,2,1.58,2015,12,3,Monday,Chanukah End,Religious,,
2015-12-14,CA,CA_4,FOODS_3,FOODS,FOODS_3_288,11546,d_1781,10,1.5,2015,12,3,Monday,Chanukah End,Religious,,
2015-12-14,CA,CA_4,FOODS_3,FOODS,FOODS_3_329,11546,d_1781,3,2.98,2015,12,3,Monday,Chanukah End,Religious,,
2015-12-14,CA,CA_4,FOODS_3,FOODS,FOODS_3_555,11546,d_1781,2,1.68,2015,12,3,Monday,Chanukah End,Religious,,
2015-12-14,CA,CA_4,FOODS_3,FOODS,FOODS_3_586,11546,d_1781,8,1.68,2015,12,3,Monday,Chanukah End,Religious,,
2015-12-14,CA,CA_4,FOODS_3,FOODS,FOODS_3_587,11546,d_1781,7,2.48,2015,12,3,Monday,Chanukah End,Religious,,
2015-12-14,CA,CA_4,FOODS_3,FOODS,FOODS_3_714,11546,d_1781,8,1.58,2015,12,3,Monday,Chanukah End,Religious,,
2015-12-15,CA,CA_3,FOODS_3,FOODS,FOODS_3_090,11546,d_1782,0,1.0,2015,12,4,Tuesday,,,,
2015-12-15,CA,CA_3,FOODS_3,FOODS,FOODS_3_120,11546,d_1782,61,4.98,2015,12,4,Tuesday,,,,
2015-12-15,CA,CA_3,FOODS_3,FOODS,FOODS_3_202,11546,d_1782,21,4.68,2015,12,4,Tuesday,,,,
2015-12-15,CA,CA_3,FOODS_3,FOODS,FOODS_3_252,11546,d_1782,32,1.58,2015,12,4,Tuesday,,,,
2015-12-15,CA,CA_3,FOODS_3,FOODS,FOODS_3_288,11546,d_1782,31,1.5,2015,12,4,Tuesday,,,,
2015-12-15,CA,CA_3,FOODS_3,FOODS,FOODS_3_329,11546,d_1782,40,2.98,2015,12,4,Tuesday,,,,
2015-12-15,CA,CA_3,FOODS_3,FOODS,FOODS_3_555,11546,d_1782,30,1.68,2015,12,4,Tuesday,,,,
2015-12-15,CA,CA_3,FOODS_3,FOODS,FOODS_3_586,11546,d_1782,82,1.68,2015,12,4,Tuesday,,,,
2015-12-15,CA,CA_3,FOODS_3,FOODS,FOODS_3_587,11546,d_1782,27,2.48,2015,12,4,Tuesday,,,,
2015-12-15,CA,CA_3,FOODS_3,FOODS,FOODS_3_714,11546,d_1782,16,1.58,2015,12,4,Tuesday,,,,
2015-12-15,CA,CA_4,FOODS_3,FOODS,FOODS_3_090,11546,d_1782,0,1.5,2015,12,4,Tuesday,,,,
2015-12-15,CA,CA_4,FOODS_3,FOODS,FOODS_3_120,11546,d_1782,3,4.98,2015,12,4,Tuesday,,,,
2015-12-15,CA,CA_4,FOODS_3,FOODS,FOODS_3_202,11546,d_1782,8,4.68,2015,12,4,Tuesday,,,,
2015-12-15,CA,CA_4,FOODS_3,FOODS,FOODS_3_252,11546,d_1782,3,1.58,2015,12,4,Tuesday,,,,
2015-12-15,CA,CA_4,FOODS_3,FOODS,FOODS_3_288,11546,d_1782,5,1.5,2015,12,4,Tuesday,,,,
2015-12-15,CA,CA_4,FOODS_3,FOODS,FOODS_3_329,11546,d_1782,3,2.98,2015,12,4,Tuesday,,,,
2015-12-15,CA,CA_4,FOODS_3,FOODS,FOODS_3_555,11546,d_1782,3,1.68,2015,12,4,Tuesday,,,,
2015-12-15,CA,CA_4,FOODS_3,FOODS,FOODS_3_586,11546,d_1782,21,1.68,2015,12,4,Tuesday,,,,
2015-12-15,CA,CA_4,FOODS_3,FOODS,FOODS_3_587,11546,d_1782,21,2.48,2015,12,4,Tuesday,,,,
2015-12-15,CA,CA_4,FOODS_3,FOODS,FOODS_3_714,11546,d_1782,12,1.58,2015,12,4,Tuesday,,,,
2015-12-16,CA,CA_3,FOODS_3,FOODS,FOODS_3_090,11546,d_1783,0,1.0,2015,12,5,Wednesday,,,,
2015-12-16,CA,CA_3,FOODS_3,FOODS,FOODS_3_120,11546,d_1783,52,4.98,2015,12,5,Wednesday,,,,
2015-12-16,CA,CA_3,FOODS_3,FOODS,FOODS_3_202,11546,d_1783,20,4.68,2015,12,5,Wednesday,,,,
2015-12-16,CA,CA_3,FOODS_3,FOODS,FOODS_3_252,11546,d_1783,36,1.58,2015,12,5,Wednesday,,,,
2015-12-16,CA,CA_3,FOODS_3,FOODS,FOODS_3_288,11546,d_1783,35,1.5,2015,12,5,Wednesday,,,,
2015-12-16,CA,CA_3,FOODS_3,FOODS,FOODS_3_329,11546,d_1783,64,2.98,2015,12,5,Wednesday,,,,
2015-12-16,CA,CA_3,FOODS_3,FOODS,FOODS_3_555,11546,d_1783,30,1.68,2015,12,5,Wednesday,,,,
2015-12-16,CA,CA_3,FOODS_3,FOODS,FOODS_3_586,11546,d_1783,76,1.68,2015,12,5,Wednesday,,,,
2015-12-16,CA,CA_3,FOODS_3,FOODS,FOODS_3_587,11546,d_1783,29,2.48,2015,12,5,Wednesday,,,,
2015-12-16,CA,CA_3,FOODS_3,FOODS,FOODS_3_714,11546,d_1783,19,1.58,2015,12,5,Wednesday,,,,
2015-12-16,CA,CA_4,FOODS_3,FOODS,FOODS_3_090,11546,d_1783,0,1.5,2015,12,5,Wednesday,,,,
2015-12-16,CA,CA_4,FOODS_3,FOODS,FOODS_3_120,11546,d_1783,16,4.98,2015,12,5,Wednesday,,,,
2015-12-16,CA,CA_4,FOODS_3,FOODS,FOODS_3_202,11546,d_1783,11,4.68,2015,12,5,Wednesday,,,,
2015-12-16,CA,CA_4,FOODS_3,FOODS,FOODS_3_252,11546,d_1783,5,1.58,2015,12,5,Wednesday,,,,
2015-12-16,CA,CA_4,FOODS_3,FOODS,FOODS_3_288,11546,d_1783,3,1.5,2015,12,5,Wednesday,,,,
2015-12-16,CA,CA_4,FOODS_3,FOODS,FOODS_3_329,11546,d_1783,10,2.98,2015,12,5,Wednesday,,,,
2015-12-16,CA,CA_4,FOODS_3,FOODS,FOODS_3_555,11546,d_1783,4,1.68,2015,12,5,Wednesday,,,,
2015-12-16,CA,CA_4,FOODS_3,FOODS,FOODS_3_586,11546,d_1783,10,1.68,2015,12,5,Wednesday,,,,
2015-12-16,CA,CA_4,FOODS_3,FOODS,FOODS_3_587,11546,d_1783,5,2.48,2015,12,5,Wednesday,,,,
2015-12-16,CA,CA_4,FOODS_3,FOODS,FOODS_3_714,11546,d_1783,11,1.58,2015,12,5,Wednesday,,,,
2015-12-17,CA,CA_3,FOODS_3,FOODS,FOODS_3_090,11546,d_1784,0,1.0,2015,12,6,Thursday,,,,
2015-12-17,CA,CA_3,FOODS_3,FOODS,FOODS_3_120,11546,d_1784,52,4.98,2015,12,6,Thursday,,,,
2015-12-17,CA,CA_3,FOODS_3,FOODS,FOODS_3_202,11546,d_1784,21,4.68,2015,12,6,Thursday,,,,
2015-12-17,CA,CA_3,FOODS_3,FOODS,FOODS_3_252,11546,d_1784,56,1.58,2015,12,6,Thursday,,,,
2015-12-17,CA,CA_3,FOODS_3,FOODS,FOODS_3_288,11546,d_1784,39,1.5,2015,12,6,Thursday,,,,
2015-12-17,CA,CA_3,FOODS_3,FOODS,FOODS_3_329,11546,d_1784,55,2.98,2015,12,6,Thursday,,,,
2015-12-17,CA,CA_3,FOODS_3,FOODS,FOODS_3_555,11546,d_1784,37,1.68,2015,12,6,Thursday,,,,
2015-12-17,CA,CA_3,FOODS_3,FOODS,FOODS_3_586,11546,d_1784,85,1.68,2015,12,6,Thursday,,,,
2015-12-17,CA,CA_3,FOODS_3,FOODS,FOODS_3_587,11546,d_1784,31,2.48,2015,12,6,Thursday,,,,
2015-12-17,CA,CA_3,FOODS_3,FOODS,FOODS_3_714,11546,d_1784,25,1.58,2015,12,6,Thursday,,,,
2015-12-17,CA,CA_4,FOODS_3,FOODS,FOODS_3_090,11546,d_1784,0,1.5,2015,12,6,Thursday,,,,
2015-12-17,CA,CA_4,FOODS_3,FOODS,FOODS_3_120,11546,d_1784,6,4.98,2015,12,6,Thursday,,,,
2015-12-17,CA,CA_4,FOODS_3,FOODS,FOODS_3_202,11546,d_1784,6,4.68,2015,12,6,Thursday,,,,
2015-12-17,CA,CA_4,FOODS_3,FOODS,FOODS_3_252,11546,d_1784,3,1.58,2015,12,6,Thursday,,,,
2015-12-17,CA,CA_4,FOODS_3,FOODS,FOODS_3_288,11546,d_1784,7,1.5,2015,12,6,Thursday,,,,
2015-12-17,CA,CA_4,FOODS_3,FOODS,FOODS_3_329,11546,d_1784,6,2.98,2015,12,6,Thursday,,,,
2015-12-17,CA,CA_4,FOODS_3,FOODS,FOODS_3_555,11546,d_1784,4,1.68,2015,12,6,Thursday,,,,
2015-12-17,CA,CA_4,FOODS_3,FOODS,FOODS_3_586,11546,d_1784,19,1.68,2015,12,6,Thursday,,,,
2015-12-17,CA,CA_4,FOODS_3,FOODS,FOODS_3_587,11546,d_1784,5,2.48,2015,12,6,Thursday,,,,
2015-12-17,CA,CA_4,FOODS_3,FOODS,FOODS_3_714,11546,d_1784,6,1.58,2015,12,6,Thursday,,,,
2015-12-18,CA,CA_3,FOODS_3,FOODS,FOODS_3_090,11546,d_1785,1,1.0,2015,12,7,Friday,,,,
2015-12-18,CA,CA_3,FOODS_3,FOODS,FOODS_3_120,11546,d_1785,51,4.98,2015,12,7,Friday,,,,
2015-12-18,CA,CA_3,FOODS_3,FOODS,FOODS_3_202,11546,d_1785,19,4.68,2015,12,7,Friday,,,,
2015-12-18,CA,CA_3,FOODS_3,FOODS,FOODS_3_252,11546,d_1785,56,1.58,2015,12,7,Friday,,,,
2015-12-18,CA,CA_3,FOODS_3,FOODS,FOODS_3_288,11546,d_1785,32,1.5,2015,12,7,Friday,,,,
2015-12-18,CA,CA_3,FOODS_3,FOODS,FOODS_3_329,11546,d_1785,43,2.98,2015,12,7,Friday,,,,
2015-12-18,CA,CA_3,FOODS_3,FOODS,FOODS_3_555,11546,d_1785,23,1.68,2015,12,7,Friday,,,,
2015-12-18,CA,CA_3,FOODS_3,FOODS,FOODS_3_586,11546,d_1785,59,1.68,2015,12,7,Friday,,,,
2015-12-18,CA,CA_3,FOODS_3,FOODS,FOODS_3_587,11546,d_1785,29,2.48,2015,12,7,Friday,,,,
2015-12-18,CA,CA_3,FOODS_3,FOODS,FOODS_3_714,11546,d_1785,24,1.58,2015,12,7,Friday,,,,
2015-12-18,CA,CA_4,FOODS_3,FOODS,FOODS_3_090,11546,d_1785,0,1.5,2015,12,7,Friday,,,,
2015-12-18,CA,CA_4,FOODS_3,FOODS,FOODS_3_120,11546,d_1785,12,4.98,2015,12,7,Friday,,,,
2015-12-18,CA,CA_4,FOODS_3,FOODS,FOODS_3_202,11546,d_1785,8,4.68,2015,12,7,Friday,,,,
2015-12-18,CA,CA_4,FOODS_3,FOODS,FOODS_3_252,11546,d_1785,5,1.58,2015,12,7,Friday,,,,
2015-12-18,CA,CA_4,FOODS_3,FOODS,FOODS_3_288,11546,d_1785,13,1.5,2015,12,7,Friday,,,,
2015-12-18,CA,CA_4,FOODS_3,FOODS,FOODS_3_329,11546,d_1785,4,2.98,2015,12,7,Friday,,,,
2015-12-18,CA,CA_4,FOODS_3,FOODS,FOODS_3_555,11546,d_1785,5,1.68,2015,12,7,Friday,,,,
2015-12-18,CA,CA_4,FOODS_3,FOODS,FOODS_3_586,11546,d_1785,10,1.68,2015,12,7,Friday,,,,
2015-12-18,CA,CA_4,FOODS_3,FOODS,FOODS_3_587,11546,d_1785,7,2.48,2015,12,7,Friday,,,,
2015-12-18,CA,CA_4,FOODS_3,FOODS,FOODS_3_714,11546,d_1785,8,1.58,2015,12,7,Friday,,,,
2015-12-19,CA,CA_3,FOODS_3,FOODS,FOODS_3_090,11547,d_1786,0,1.0,2015,12,1,Saturday,,,,
2015-12-19,CA,CA_3,FOODS_3,FOODS,FOODS_3_120,11547,d_1786,73,4.98,2015,12,1,Saturday,,,,
2015-12-19,CA,CA_3,FOODS_3,FOODS,FOODS_3_202,11547,d_1786,34,4.68,2015,12,1,Saturday,,,,
2015-12-19,CA,CA_3,FOODS_3,FOODS,FOODS_3_252,11547,d_1786,61,1.58,2015,12,1,Saturday,,,,
2015-12-19,CA,CA_3,FOODS_3,FOODS,FOODS_3_288,11547,d_1786,34,1.5,2015,12,1,Saturday,,,,
2015-12-19,CA,CA_3,FOODS_3,FOODS,FOODS_3_329,11547,d_1786,71,2.98,2015,12,1,Saturday,,,,
2015-12-19,CA,CA_3,FOODS_3,FOODS,FOODS_3_555,11547,d_1786,41,1.68,2015,12,1,Saturday,,,,
2015-12-19,CA,CA_3,FOODS_3,FOODS,FOODS_3_586,11547,d_1786,87,1.68,2015,12,1,Saturday,,,,
2015-12-19,CA,CA_3,FOODS_3,FOODS,FOODS_3_587,11547,d_1786,28,2.48,2015,12,1,Saturday,,,,
2015-12-19,CA,CA_3,FOODS_3,FOODS,FOODS_3_714,11547,d_1786,25,1.58,2015,12,1,Saturday,,,,
2015-12-19,CA,CA_4,FOODS_3,FOODS,FOODS_3_090,11547,d_1786,0,1.5,2015,12,1,Saturday,,,,
2015-12-19,CA,CA_4,FOODS_3,FOODS,FOODS_3_120,11547,d_1786,7,4.98,2015,12,1,Saturday,,,,
2015-12-19,CA,CA_4,FOODS_3,FOODS,FOODS_3_202,11547,d_1786,13,4.68,2015,12,1,Saturday,,,,
2015-12-19,CA,CA_4,FOODS_3,FOODS,FOODS_3_252,11547,d_1786,6,1.58,2015,12,1,Saturday,,,,
2015-12-19,CA,CA_4,FOODS_3,FOODS,FOODS_3_288,11547,d_1786,8,1.5,2015,12,1,Saturday,,,,
2015-12-19,CA,CA_4,FOODS_3,FOODS,FOODS_3_329,11547,d_1786,5,2.98,2015,12,1,Saturday,,,,
2015-12-19,CA,CA_4,FOODS_3,FOODS,FOODS_3_555,11547,d_1786,6,1.68,2015,12,1,Saturday,,,,
2015-12-19,CA,CA_4,FOODS_3,FOODS,FOODS_3_586,11547,d_1786,14,1.68,2015,12,1,Saturday,,,,
2015-12-19,CA,CA_4,FOODS_3,FOODS,FOODS_3_587,11547,d_1786,12,2.48,2015,12,1,Saturday,,,,
2015-12-19,CA,CA_4,FOODS_3,FOODS,FOODS_3_714,11547,d_1786,14,1.58,2015,12,1,Saturday,,,,
2015-12-20,CA,CA_3,FOODS_3,FOODS,FOODS_3_090,11547,d_1787,6,1.0,2015,12,2,Sunday,,,,
2015-12-20,CA,CA_3,FOODS_3,FOODS,FOODS_3_120,11547,d_1787,95,4.98,2015,12,2,Sunday,,,,
2015-12-20,CA,CA_3,FOODS_3,FOODS,FOODS_3_202,11547,d_1787,41,4.68,2015,12,2,Sunday,,,,
2015-12-20,CA,CA_3,FOODS_3,FOODS,FOODS_3_252,11547,d_1787,47,1.58,2015,12,2,Sunday,,,,
2015-12-20,CA,CA_3,FOODS_3,FOODS,FOODS_3_288,11547,d_1787,45,1.5,2015,12,2,Sunday,,,,
2015-12-20,CA,CA_3,FOODS_3,FOODS,FOODS_3_329,11547,d_1787,83,2.98,2015,12,2,Sunday,,,,
2015-12-20,CA,CA_3,FOODS_3,FOODS,FOODS_3_555,11547,d_1787,45,1.68,2015,12,2,Sunday,,,,
2015-12-20,CA,CA_3,FOODS_3,FOODS,FOODS_3_586,11547,d_1787,117,1.68,2015,12,2,Sunday,,,,
2015-12-20,CA,CA_3,FOODS_3,FOODS,FOODS_3_587,11547,d_1787,31,2.48,2015,12,2,Sunday,,,,
2015-12-20,CA,CA_3,FOODS_3,FOODS,FOODS_3_714,11547,d_1787,37,1.58,2015,12,2,Sunday,,,,
2015-12-20,CA,CA_4,FOODS_3,FOODS,FOODS_3_090,11547,d_1787,0,1.5,2015,12,2,Sunday,,,,
2015-12-20,CA,CA_4,FOODS_3,FOODS,FOODS_3_120,11547,d_1787,8,4.98,2015,12,2,Sunday,,,,
2015-12-20,CA,CA_4,FOODS_3,FOODS,FOODS_3_202,11547,d_1787,12,4.68,2015,12,2,Sunday,,,,
2015-12-20,CA,CA_4,FOODS_3,FOODS,FOODS_3_252,11547,d_1787,4,1.58,2015,12,2,Sunday,,,,
2015-12-20,CA,CA_4,FOODS_3,FOODS,FOODS_3_288,11547,d_1787,6,1.5,2015,12,2,Sunday,,,,
2015-12-20,CA,CA_4,FOODS_3,FOODS,FOODS_3_329,11547,d_1787,4,2.98,2015,12,2,Sunday,,,,
2015-12-20,CA,CA_4,FOODS_3,FOODS,FOODS_3_555,11547,d_1787,3,1.68,2015,12,2,Sunday,,,,
2015-12-20,CA,CA_4,FOODS_3,FOODS,FOODS_3_586,11547,d_1787,8,1.68,2015,12,2,Sunday,,,,
2015-12-20,CA,CA_4,FOODS_3,FOODS,FOODS_3_587,11547,d_1787,21,2.48,2015,12,2,Sunday,,,,
2015-12-20,CA,CA_4,FOODS_3,FOODS,FOODS_3_714,11547,d_1787,10,1.58,2015,12,2,Sunday,,,,
2015-12-21,CA,CA_3,FOODS_3,FOODS,FOODS_3_090,11547,d_1788,4,1.0,2015,12,3,Monday,,,,
2015-12-21,CA,CA_3,FOODS_3,FOODS,FOODS_3_120,11547,d_1788,65,4.98,2015,12,3,Monday,,,,
2015-12-21,CA,CA_3,FOODS_3,FOODS,FOODS_3_202,11547,d_1788,28,4.68,2015,12,3,Monday,,,,
2015-12-21,CA,CA_3,FOODS_3,FOODS,FOODS_3_252,11547,d_1788,39,1.58,2015,12,3,Monday,,,,
2015-12-21,CA,CA_3,FOODS_3,FOODS,FOODS_3_288,11547,d_1788,36,1.5,2015,12,3,Monday,,,,
2015-12-21,CA,CA_3,FOODS_3,FOODS,FOODS_3_329,11547,d_1788,45,2.98,2015,12,3,Monday,,,,
2015-12-21,CA,CA_3,FOODS_3,FOODS,FOODS_3_555,11547,d_1788,31,1.68,2015,12,3,Monday,,,,
2015-12-21,CA,CA_3,FOODS_3,FOODS,FOODS_3_586,11547,d_1788,76,1.68,2015,12,3,Monday,,,,
2015-12-21,CA,CA_3,FOODS_3,FOODS,FOODS_3_587,11547,d_1788,28,2.48,2015,12,3,Monday,,,,
2015-12-21,CA,CA_3,FOODS_3,FOODS,FOODS_3_714,11547,d_1788,14,1.58,2015,12,3,Monday,,,,
2015-12-21,CA,CA_4,FOODS_3,FOODS,FOODS_3_090,11547,d_1788,0,1.5,2015,12,3,Monday,,,,
2015-12-21,CA,CA_4,FOODS_3,FOODS,FOODS_3_120,11547,d_1788,2,4.98,2015,12,3,Monday,,,,
2015-12-21,CA,CA_4,FOODS_3,FOODS,FOODS_3_202,11547,d_1788,12,4.68,2015,12,3,Monday,,,,
2015-12-21,CA,CA_4,FOODS_3,FOODS,FOODS_3_252,11547,d_1788,1,1.58,2015,12,3,Monday,,,,
2015-12-21,CA,CA_4,FOODS_3,FOODS,FOODS_3_288,11547,d_1788,2,1.5,2015,12,3,Monday,,,,
2015-12-21,CA,CA_4,FOODS_3,FOODS,FOODS_3_329,11547,d_1788,4,2.98,2015,12,3,Monday,,,,
2015-12-21,CA,CA_4,FOODS_3,FOODS,FOODS_3_555,11547,d_1788,4,1.68,2015,12,3,Monday,,,,
2015-12-21,CA,CA_4,FOODS_3,FOODS,FOODS_3_586,11547,d_1788,10,1.68,2015,12,3,Monday,,,,
2015-12-21,CA,CA_4,FOODS_3,FOODS,FOODS_3_587,11547,d_1788,6,2.48,2015,12,3,Monday,,,,
2015-12-21,CA,CA_4,FOODS_3,FOODS,FOODS_3_714,11547,d_1788,14,1.58,2015,12,3,Monday,,,,
2015-12-22,CA,CA_3,FOODS_3,FOODS,FOODS_3_090,11547,d_1789,5,1.0,2015,12,4,Tuesday,,,,
2015-12-22,CA,CA_3,FOODS_3,FOODS,FOODS_3_120,11547,d_1789,54,4.98,2015,12,4,Tuesday,,,,
2015-12-22,CA,CA_3,FOODS_3,FOODS,FOODS_3_202,11547,d_1789,43,4.68,2015,12,4,Tuesday,,,,
2015-12-22,CA,CA_3,FOODS_3,FOODS,FOODS_3_252,11547,d_1789,31,1.58,2015,12,4,Tuesday,,,,
2015-12-22,CA,CA_3,FOODS_3,FOODS,FOODS_3_288,11547,d_1789,29,1.5,2015,12,4,Tuesday,,,,
2015-12-22,CA,CA_3,FOODS_3,FOODS,FOODS_3_329,11547,d_1789,66,2.98,2015,12,4,Tuesday,,,,
2015-12-22,CA,CA_3,FOODS_3,FOODS,FOODS_3_555,11547,d_1789,52,1.68,2015,12,4,Tuesday,,,,
2015-12-22,CA,CA_3,FOODS_3,FOODS,FOODS_3_586,11547,d_1789,93,1.68,2015,12,4,Tuesday,,,,
2015-12-22,CA,CA_3,FOODS_3,FOODS,FOODS_3_587,11547,d_1789,37,2.48,2015,12,4,Tuesday,,,,
2015-12-22,CA,CA_3,FOODS_3,FOODS,FOODS_3_714,11547,d_1789,32,1.58,2015,12,4,Tuesday,,,,
2015-12-22,CA,CA_4,FOODS_3,FOODS,FOODS_3_090,11547,d_1789,0,1.5,2015,12,4,Tuesday,,,,
2015-12-22,CA,CA_4,FOODS_3,FOODS,FOODS_3_120,11547,d_1789,0,4.98,2015,12,4,Tuesday,,,,
2015-12-22,CA,CA_4,FOODS_3,FOODS,FOODS_3_202,11547,d_1789,17,4.68,2015,12,4,Tuesday,,,,
2015-12-22,CA,CA_4,FOODS_3,FOODS,FOODS_3_252,11547,d_1789,11,1.58,2015,12,4,Tuesday,,,,
2015-12-22,CA,CA_4,FOODS_3,FOODS,FOODS_3_288,11547,d_1789,11,1.5,2015,12,4,Tuesday,,,,
2015-12-22,CA,CA_4,FOODS_3,FOODS,FOODS_3_329,11547,d_1789,7,2.98,2015,12,4,Tuesday,,,,
2015-12-22,CA,CA_4,FOODS_3,FOODS,FOODS_3_555,11547,d_1789,4,1.68,2015,12,4,Tuesday,,,,
2015-12-22,CA,CA_4,FOODS_3,FOODS,FOODS_3_586,11547,d_1789,10,1.68,2015,12,4,Tuesday,,,,
2015-12-22,CA,CA_4,FOODS_3,FOODS,FOODS_3_587,11547,d_1789,14,2.48,2015,12,4,Tuesday,,,,
2015-12-22,CA,CA_4,FOODS_3,FOODS,FOODS_3_714,11547,d_1789,15,1.58,2015,12,4,Tuesday,,,,
2015-12-23,CA,CA_3,FOODS_3,FOODS,FOODS_3_090,11547,d_1790,2,1.0,2015,12,5,Wednesday,,,,
2015-12-23,CA,CA_3,FOODS_3,FOODS,FOODS_3_120,11547,d_1790,63,4.98,2015,12,5,Wednesday,,,,
2015-12-23,CA,CA_3,FOODS_3,FOODS,FOODS_3_202,11547,d_1790,40,4.68,2015,12,5,Wednesday,,,,
2015-12-23,CA,CA_3,FOODS_3,FOODS,FOODS_3_252,11547,d_1790,43,1.58,2015,12,5,Wednesday,,,,
2015-12-23,CA,CA_3,FOODS_3,FOODS,FOODS_3_288,11547,d_1790,45,1.5,2015,12,5,Wednesday,,,,
2015-12-23,CA,CA_3,FOODS_3,FOODS,FOODS_3_329,11547,d_1790,56,2.98,2015,12,5,Wednesday,,,,
2015-12-23,CA,CA_3,FOODS_3,FOODS,FOODS_3_555,11547,d_1790,35,1.68,2015,12,5,Wednesday,,,,
2015-12-23,CA,CA_3,FOODS_3,FOODS,FOODS_3_586,11547,d_1790,77,1.68,2015,12,5,Wednesday,,,,
2015-12-23,CA,CA_3,FOODS_3,FOODS,FOODS_3_587,11547,d_1790,23,2.48,2015,12,5,Wednesday,,,,
2015-12-23,CA,CA_3,FOODS_3,FOODS,FOODS_3_714,11547,d_1790,21,1.58,2015,12,5,Wednesday,,,,
2015-12-23,CA,CA_4,FOODS_3,FOODS,FOODS_3_090,11547,d_1790,0,1.5,2015,12,5,Wednesday,,,,
2015-12-23,CA,CA_4,FOODS_3,FOODS,FOODS_3_120,11547,d_1790,0,4.98,2015,12,5,Wednesday,,,,
2015-12-23,CA,CA_4,FOODS_3,FOODS,FOODS_3_202,11547,d_1790,17,4.68,2015,12,5,Wednesday,,,,
2015-12-23,CA,CA_4,FOODS_3,FOODS,FOODS_3_252,11547,d_1790,6,1.58,2015,12,5,Wednesday,,,,
2015-12-23,CA,CA_4,FOODS_3,FOODS,FOODS_3_288,11547,d_1790,8,1.5,2015,12,5,Wednesday,,,,
2015-12-23,CA,CA_4,FOODS_3,FOODS,FOODS_3_329,11547,d_1790,3,2.98,2015,12,5,Wednesday,,,,
2015-12-23,CA,CA_4,FOODS_3,FOODS,FOODS_3_555,11547,d_1790,3,1.68,2015,12,5,Wednesday,,,,
2015-12-23,CA,CA_4,FOODS_3,FOODS,FOODS_3_586,11547,d_1790,14,1.68,2015,12,5,Wednesday,,,,
2015-12-23,CA,CA_4,FOODS_3,FOODS,FOODS_3_587,11547,d_1790,12,2.48,2015,12,5,Wednesday,,,,
2015-12-23,CA,CA_4,FOODS_3,FOODS,FOODS_3_714,11547,d_1790,17,1.58,2015,12,5,Wednesday,,,,
2015-12-24,CA,CA_3,FOODS_3,FOODS,FOODS_3_090,11547,d_1791,0,1.0,2015,12,6,Thursday,,,,
2015-12-24,CA,CA_3,FOODS_3,FOODS,FOODS_3_120,11547,d_1791,44,4.98,2015,12,6,Thursday,,,,
2015-12-24,CA,CA_3,FOODS_3,FOODS,FOODS_3_202,11547,d_1791,39,4.68,2015,12,6,Thursday,,,,
2015-12-24,CA,CA_3,FOODS_3,FOODS,FOODS_3_252,11547,d_1791,32,1.58,2015,12,6,Thursday,,,,
2015-12-24,CA,CA_3,FOODS_3,FOODS,FOODS_3_288,11547,d_1791,28,1.5,2015,12,6,Thursday,,,,
2015-12-24,CA,CA_3,FOODS_3,FOODS,FOODS_3_329,11547,d_1791,60,2.98,2015,12,6,Thursday,,,,
2015-12-24,CA,CA_3,FOODS_3,FOODS,FOODS_3_555,11547,d_1791,37,1.68,2015,12,6,Thursday,,,,
2015-12-24,CA,CA_3,FOODS_3,FOODS,FOODS_3_586,11547,d_1791,82,1.68,2015,12,6,Thursday,,,,
2015-12-24,CA,CA_3,FOODS_3,FOODS,FOODS_3_587,11547,d_1791,23,2.48,2015,12,6,Thursday,,,,
2015-12-24,CA,CA_3,FOODS_3,FOODS,FOODS_3_714,11547,d_1791,18,1.58,2015,12,6,Thursday,,,,
2015-12-24,CA,CA_4,FOODS_3,FOODS,FOODS_3_090,11547,d_1791,0,1.5,2015,12,6,Thursday,,,,
2015-12-24,CA,CA_4,FOODS_3,FOODS,FOODS_3_120,11547,d_1791,0,4.98,2015,12,6,Thursday,,,,
2015-12-24,CA,CA_4,FOODS_3,FOODS,FOODS_3_202,11547,d_1791,22,4.68,2015,12,6,Thursday,,,,
2015-12-24,CA,CA_4,FOODS_3,FOODS,FOODS_3_252,11547,d_1791,7,1.58,2015,12,6,Thursday,,,,
2015-12-24,CA,CA_4,FOODS_3,FOODS,FOODS_3_288,11547,d_1791,8,1.5,2015,12,6,Thursday,,,,
2015-12-24,CA,CA_4,FOODS_3,FOODS,FOODS_3_329,11547,d_1791,6,2.98,2015,12,6,Thursday,,,,
2015-12-24,CA,CA_4,FOODS_3,FOODS,FOODS_3_555,11547,d_1791,3,1.68,2015,12,6,Thursday,,,,
2015-12-24,CA,CA_4,FOODS_3,FOODS,FOODS_3_586,11547,d_1791,11,1.68,2015,12,6,Thursday,,,,
2015-12-24,CA,CA_4,FOODS_3,FOODS,FOODS_3_587,11547,d_1791,8,2.48,2015,12,6,Thursday,,,,
2015-12-24,CA,CA_4,FOODS_3,FOODS,FOODS_3_714,11547,d_1791,8,1.58,2015,12,6,Thursday,,,,
2015-12-25,CA,CA_3,FOODS_3,FOODS,FOODS_3_090,11547,d_1792,0,1.0,2015,12,7,Friday,Christmas,National,,
2015-12-25,CA,CA_3,FOODS_3,FOODS,FOODS_3_120,11547,d_1792,0,4.98,2015,12,7,Friday,Christmas,National,,
2015-12-25,CA,CA_3,FOODS_3,FOODS,FOODS_3_202,11547,d_1792,0,4.68,2015,12,7,Friday,Christmas,National,,
2015-12-25,CA,CA_3,FOODS_3,FOODS,FOODS_3_252,11547,d_1792,0,1.58,2015,12,7,Friday,Christmas,National,,
2015-12-25,CA,CA_3,FOODS_3,FOODS,FOODS_3_288,11547,d_1792,0,1.5,2015,12,7,Friday,Christmas,National,,
2015-12-25,CA,CA_3,FOODS_3,FOODS,FOODS_3_329,11547,d_1792,0,2.98,2015,12,7,Friday,Christmas,National,,
2015-12-25,CA,CA_3,FOODS_3,FOODS,FOODS_3_555,11547,d_1792,1,1.68,2015,12,7,Friday,Christmas,National,,
2015-12-25,CA,CA_3,FOODS_3,FOODS,FOODS_3_586,11547,d_1792,0,1.68,2015,12,7,Friday,Christmas,National,,
2015-12-25,CA,CA_3,FOODS_3,FOODS,FOODS_3_587,11547,d_1792,0,2.48,2015,12,7,Friday,Christmas,National,,
2015-12-25,CA,CA_3,FOODS_3,FOODS,FOODS_3_714,11547,d_1792,0,1.58,2015,12,7,Friday,Christmas,National,,
2015-12-25,CA,CA_4,FOODS_3,FOODS,FOODS_3_090,11547,d_1792,0,1.5,2015,12,7,Friday,Christmas,National,,
2015-12-25,CA,CA_4,FOODS_3,FOODS,FOODS_3_120,11547,d_1792,0,4.98,2015,12,7,Friday,Christmas,National,,
2015-12-25,CA,CA_4,FOODS_3,FOODS,FOODS_3_202,11547,d_1792,0,4.68,2015,12,7,Friday,Christmas,National,,
2015-12-25,CA,CA_4,FOODS_3,FOODS,FOODS_3_252,11547,d_1792,0,1.58,2015,12,7,Friday,Christmas,National,,
2015-12-25,CA,CA_4,FOODS_3,FOODS,FOODS_3_288,11547,d_1792,0,1.5,2015,12,7,Friday,Christmas,National,,
2015-12-25,CA,CA_4,FOODS_3,FOODS,FOODS_3_329,11547,d_1792,0,2.98,2015,12,7,Friday,Christmas,National,,
2015-12-25,CA,CA_4,FOODS_3,FOODS,FOODS_3_555,11547,d_1792,0,1.68,2015,12,7,Friday,Christmas,National,,
2015-12-25,CA,CA_4,FOODS_3,FOODS,FOODS_3_586,11547,d_1792,0,1.68,2015,12,7,Friday,Christmas,National,,
2015-12-25,CA,CA_4,FOODS_3,FOODS,FOODS_3_587,11547,d_1792,0,2.48,2015,12,7,Friday,Christmas,National,,
2015-12-25,CA,CA_4,FOODS_3,FOODS,FOODS_3_714,11547,d_1792,0,1.58,2015,12,7,Friday,Christmas,National,,
2015-12-26,CA,CA_3,FOODS_3,FOODS,FOODS_3_090,11548,d_1793,6,1.0,2015,12,1,Saturday,,,,
2015-12-26,CA,CA_3,FOODS_3,FOODS,FOODS_3_120,11548,d_1793,65,4.98,2015,12,1,Saturday,,,,
2015-12-26,CA,CA_3,FOODS_3,FOODS,FOODS_3_202,11548,d_1793,29,4.68,2015,12,1,Saturday,,,,
2015-12-26,CA,CA_3,FOODS_3,FOODS,FOODS_3_252,11548,d_1793,52,1.58,2015,12,1,Saturday,,,,
2015-12-26,CA,CA_3,FOODS_3,FOODS,FOODS_3_288,11548,d_1793,46,1.5,2015,12,1,Saturday,,,,
2015-12-26,CA,CA_3,FOODS_3,FOODS,FOODS_3_329,11548,d_1793,46,2.98,2015,12,1,Saturday,,,,
2015-12-26,CA,CA_3,FOODS_3,FOODS,FOODS_3_555,11548,d_1793,31,1.68,2015,12,1,Saturday,,,,
2015-12-26,CA,CA_3,FOODS_3,FOODS,FOODS_3_586,11548,d_1793,75,1.68,2015,12,1,Saturday,,,,
2015-12-26,CA,CA_3,FOODS_3,FOODS,FOODS_3_587,11548,d_1793,33,2.48,2015,12,1,Saturday,,,,
2015-12-26,CA,CA_3,FOODS_3,FOODS,FOODS_3_714,11548,d_1793,22,1.58,2015,12,1,Saturday,,,,
2015-12-26,CA,CA_4,FOODS_3,FOODS,FOODS_3_090,11548,d_1793,0,1.5,2015,12,1,Saturday,,,,
2015-12-26,CA,CA_4,FOODS_3,FOODS,FOODS_3_120,11548,d_1793,0,4.98,2015,12,1,Saturday,,,,
2015-12-26,CA,CA_4,FOODS_3,FOODS,FOODS_3_202,11548,d_1793,17,4.68,2015,12,1,Saturday,,,,
2015-12-26,CA,CA_4,FOODS_3,FOODS,FOODS_3_252,11548,d_1793,4,1.58,2015,12,1,Saturday,,,,
2015-12-26,CA,CA_4,FOODS_3,FOODS,FOODS_3_288,11548,d_1793,8,1.5,2015,12,1,Saturday,,,,
2015-12-26,CA,CA_4,FOODS_3,FOODS,FOODS_3_329,11548,d_1793,1,2.98,2015,12,1,Saturday,,,,
2015-12-26,CA,CA_4,FOODS_3,FOODS,FOODS_3_555,11548,d_1793,3,1.68,2015,12,1,Saturday,,,,
2015-12-26,CA,CA_4,FOODS_3,FOODS,FOODS_3_586,11548,d_1793,7,1.68,2015,12,1,Saturday,,,,
2015-12-26,CA,CA_4,FOODS_3,FOODS,FOODS_3_587,11548,d_1793,16,2.48,2015,12,1,Saturday,,,,
2015-12-26,CA,CA_4,FOODS_3,FOODS,FOODS_3_714,11548,d_1793,13,1.58,2015,12,1,Saturday,,,,
2015-12-27,CA,CA_3,FOODS_3,FOODS,FOODS_3_090,11548,d_1794,0,1.0,2015,12,2,Sunday,,,,
2015-12-27,CA,CA_3,FOODS_3,FOODS,FOODS_3_120,11548,d_1794,90,4.98,2015,12,2,Sunday,,,,
2015-12-27,CA,CA_3,FOODS_3,FOODS,FOODS_3_202,11548,d_1794,33,4.68,2015,12,2,Sunday,,,,
2015-12-27,CA,CA_3,FOODS_3,FOODS,FOODS_3_252,11548,d_1794,37,1.58,2015,12,2,Sunday,,,,
2015-12-27,CA,CA_3,FOODS_3,FOODS,FOODS_3_288,11548,d_1794,36,1.5,2015,12,2,Sunday,,,,
2015-12-27,CA,CA_3,FOODS_3,FOODS,FOODS_3_329,11548,d_1794,64,2.98,2015,12,2,Sunday,,,,
2015-12-27,CA,CA_3,FOODS_3,FOODS,FOODS_3_555,11548,d_1794,32,1.68,2015,12,2,Sunday,,,,
2015-12-27,CA,CA_3,FOODS_3,FOODS,FOODS_3_586,11548,d_1794,77,1.68,2015,12,2,Sunday,,,,
2015-12-27,CA,CA_3,FOODS_3,FOODS,FOODS_3_587,11548,d_1794,20,2.48,2015,12,2,Sunday,,,,
2015-12-27,CA,CA_3,FOODS_3,FOODS,FOODS_3_714,11548,d_1794,15,1.58,2015,12,2,Sunday,,,,
2015-12-27,CA,CA_4,FOODS_3,FOODS,FOODS_3_090,11548,d_1794,0,1.5,2015,12,2,Sunday,,,,
2015-12-27,CA,CA_4,FOODS_3,FOODS,FOODS_3_120,11548,d_1794,12,4.98,2015,12,2,Sunday,,,,
2015-12-27,CA,CA_4,FOODS_3,FOODS,FOODS_3_202,11548,d_1794,9,4.68,2015,12,2,Sunday,,,,
2015-12-27,CA,CA_4,FOODS_3,FOODS,FOODS_3_252,11548,d_1794,3,1.58,2015,12,2,Sunday,,,,
2015-12-27,CA,CA_4,FOODS_3,FOODS,FOODS_3_288,11548,d_1794,8,1.5,2015,12,2,Sunday,,,,
2015-12-27,CA,CA_4,FOODS_3,FOODS,FOODS_3_329,11548,d_1794,8,2.98,2015,12,2,Sunday,,,,
2015-12-27,CA,CA_4,FOODS_3,FOODS,FOODS_3_555,11548,d_1794,0,1.68,2015,12,2,Sunday,,,,
2015-12-27,CA,CA_4,FOODS_3,FOODS,FOODS_3_586,11548,d_1794,4,1.68,2015,12,2,Sunday,,,,
2015-12-27,CA,CA_4,FOODS_3,FOODS,FOODS_3_587,11548,d_1794,12,2.48,2015,12,2,Sunday,,,,
2015-12-27,CA,CA_4,FOODS_3,FOODS,FOODS_3_714,11548,d_1794,5,1.58,2015,12,2,Sunday,,,,
2015-12-28,CA,CA_3,FOODS_3,FOODS,FOODS_3_090,11548,d_1795,6,1.0,2015,12,3,Monday,,,,
2015-12-28,CA,CA_3,FOODS_3,FOODS,FOODS_3_120,11548,d_1795,104,4.98,2015,12,3,Monday,,,,
2015-12-28,CA,CA_3,FOODS_3,FOODS,FOODS_3_202,11548,d_1795,27,4.68,2015,12,3,Monday,,,,
2015-12-28,CA,CA_3,FOODS_3,FOODS,FOODS_3_252,11548,d_1795,32,1.58,2015,12,3,Monday,,,,
2015-12-28,CA,CA_3,FOODS_3,FOODS,FOODS_3_288,11548,d_1795,40,1.5,2015,12,3,Monday,,,,
2015-12-28,CA,CA_3,FOODS_3,FOODS,FOODS_3_329,11548,d_1795,49,2.98,2015,12,3,Monday,,,,
2015-12-28,CA,CA_3,FOODS_3,FOODS,FOODS_3_555,11548,d_1795,23,1.68,2015,12,3,Monday,,,,
2015-12-28,CA,CA_3,FOODS_3,FOODS,FOODS_3_586,11548,d_1795,50,1.68,2015,12,3,Monday,,,,
2015-12-28,CA,CA_3,FOODS_3,FOODS,FOODS_3_587,11548,d_1795,30,2.48,2015,12,3,Monday,,,,
2015-12-28,CA,CA_3,FOODS_3,FOODS,FOODS_3_714,11548,d_1795,13,1.58,2015,12,3,Monday,,,,
2015-12-28,CA,CA_4,FOODS_3,FOODS,FOODS_3_090,11548,d_1795,0,1.5,2015,12,3,Monday,,,,
2015-12-28,CA,CA_4,FOODS_3,FOODS,FOODS_3_120,11548,d_1795,19,4.98,2015,12,3,Monday,,,,
2015-12-28,CA,CA_4,FOODS_3,FOODS,FOODS_3_202,11548,d_1795,8,4.68,2015,12,3,Monday,,,,
2015-12-28,CA,CA_4,FOODS_3,FOODS,FOODS_3_252,11548,d_1795,2,1.58,2015,12,3,Monday,,,,
2015-12-28,CA,CA_4,FOODS_3,FOODS,FOODS_3_288,11548,d_1795,26,1.5,2015,12,3,Monday,,,,
2015-12-28,CA,CA_4,FOODS_3,FOODS,FOODS_3_329,11548,d_1795,9,2.98,2015,12,3,Monday,,,,
2015-12-28,CA,CA_4,FOODS_3,FOODS,FOODS_3_555,11548,d_1795,4,1.68,2015,12,3,Monday,,,,
2015-12-28,CA,CA_4,FOODS_3,FOODS,FOODS_3_586,11548,d_1795,7,1.68,2015,12,3,Monday,,,,
2015-12-28,CA,CA_4,FOODS_3,FOODS,FOODS_3_587,11548,d_1795,14,2.48,2015,12,3,Monday,,,,
2015-12-28,CA,CA_4,FOODS_3,FOODS,FOODS_3_714,11548,d_1795,7,1.58,2015,12,3,Monday,,,,
2015-12-29,CA,CA_3,FOODS_3,FOODS,FOODS_3_090,11548,d_1796,0,1.0,2015,12,4,Tuesday,,,,
2015-12-29,CA,CA_3,FOODS_3,FOODS,FOODS_3_120,11548,d_1796,73,4.98,2015,12,4,Tuesday,,,,
2015-12-29,CA,CA_3,FOODS_3,FOODS,FOODS_3_202,11548,d_1796,13,4.68,2015,12,4,Tuesday,,,,
2015-12-29,CA,CA_3,FOODS_3,FOODS,FOODS_3_252,11548,d_1796,29,1.58,2015,12,4,Tuesday,,,,
2015-12-29,CA,CA_3,FOODS_3,FOODS,FOODS_3_288,11548,d_1796,31,1.5,2015,12,4,Tuesday,,,,
2015-12-29,CA,CA_3,FOODS_3,FOODS,FOODS_3_329,11548,d_1796,44,2.98,2015,12,4,Tuesday,,,,
2015-12-29,CA,CA_3,FOODS_3,FOODS,FOODS_3_555,11548,d_1796,29,1.68,2015,12,4,Tuesday,,,,
2015-12-29,CA,CA_3,FOODS_3,FOODS,FOODS_3_586,11548,d_1796,42,1.68,2015,12,4,Tuesday,,,,
2015-12-29,CA,CA_3,FOODS_3,FOODS,FOODS_3_587,11548,d_1796,28,2.48,2015,12,4,Tuesday,,,,
2015-12-29,CA,CA_3,FOODS_3,FOODS,FOODS_3_714,11548,d_1796,10,1.58,2015,12,4,Tuesday,,,,
2015-12-29,CA,CA_4,FOODS_3,FOODS,FOODS_3_090,11548,d_1796,0,1.5,2015,12,4,Tuesday,,,,
2015-12-29,CA,CA_4,FOODS_3,FOODS,FOODS_3_120,11548,d_1796,7,4.98,2015,12,4,Tuesday,,,,
2015-12-29,CA,CA_4,FOODS_3,FOODS,FOODS_3_202,11548,d_1796,4,4.68,2015,12,4,Tuesday,,,,
2015-12-29,CA,CA_4,FOODS_3,FOODS,FOODS_3_252,11548,d_1796,5,1.58,2015,12,4,Tuesday,,,,
2015-12-29,CA,CA_4,FOODS_3,FOODS,FOODS_3_288,11548,d_1796,4,1.5,2015,12,4,Tuesday,,,,
2015-12-29,CA,CA_4,FOODS_3,FOODS,FOODS_3_329,11548,d_1796,12,2.98,2015,12,4,Tuesday,,,,
2015-12-29,CA,CA_4,FOODS_3,FOODS,FOODS_3_555,11548,d_1796,3,1.68,2015,12,4,Tuesday,,,,
2015-12-29,CA,CA_4,FOODS_3,FOODS,FOODS_3_586,11548,d_1796,5,1.68,2015,12,4,Tuesday,,,,
2015-12-29,CA,CA_4,FOODS_3,FOODS,FOODS_3_587,11548,d_1796,16,2.48,2015,12,4,Tuesday,,,,
2015-12-29,CA,CA_4,FOODS_3,FOODS,FOODS_3_714,11548,d_1796,8,1.58,2015,12,4,Tuesday,,,,
2015-12-30,CA,CA_3,FOODS_3,FOODS,FOODS_3_090,11548,d_1797,0,1.0,2015,12,5,Wednesday,,,,
2015-12-30,CA,CA_3,FOODS_3,FOODS,FOODS_3_120,11548,d_1797,76,4.98,2015,12,5,Wednesday,,,,
2015-12-30,CA,CA_3,FOODS_3,FOODS,FOODS_3_202,11548,d_1797,26,4.68,2015,12,5,Wednesday,,,,
2015-12-30,CA,CA_3,FOODS_3,FOODS,FOODS_3_252,11548,d_1797,34,1.58,2015,12,5,Wednesday,,,,
2015-12-30,CA,CA_3,FOODS_3,FOODS,FOODS_3_288,11548,d_1797,46,1.5,2015,12,5,Wednesday,,,,
2015-12-30,CA,CA_3,FOODS_3,FOODS,FOODS_3_329,11548,d_1797,37,2.98,2015,12,5,Wednesday,,,,
2015-12-30,CA,CA_3,FOODS_3,FOODS,FOODS_3_555,11548,d_1797,10,1.68,2015,12,5,Wednesday,,,,
2015-12-30,CA,CA_3,FOODS_3,FOODS,FOODS_3_586,11548,d_1797,50,1.68,2015,12,5,Wednesday,,,,
2015-12-30,CA,CA_3,FOODS_3,FOODS,FOODS_3_587,11548,d_1797,25,2.48,2015,12,5,Wednesday,,,,
2015-12-30,CA,CA_3,FOODS_3,FOODS,FOODS_3_714,11548,d_1797,18,1.58,2015,12,5,Wednesday,,,,
2015-12-30,CA,CA_4,FOODS_3,FOODS,FOODS_3_090,11548,d_1797,0,1.5,2015,12,5,Wednesday,,,,
2015-12-30,CA,CA_4,FOODS_3,FOODS,FOODS_3_120,11548,d_1797,0,4.98,2015,12,5,Wednesday,,,,
2015-12-30,CA,CA_4,FOODS_3,FOODS,FOODS_3_202,11548,d_1797,8,4.68,2015,12,5,Wednesday,,,,
2015-12-30,CA,CA_4,FOODS_3,FOODS,FOODS_3_252,11548,d_1797,7,1.58,2015,12,5,Wednesday,,,,
2015-12-30,CA,CA_4,FOODS_3,FOODS,FOODS_3_288,11548,d_1797,3,1.5,2015,12,5,Wednesday,,,,
2015-12-30,CA,CA_4,FOODS_3,FOODS,FOODS_3_329,11548,d_1797,0,2.98,2015,12,5,Wednesday,,,,
2015-12-30,CA,CA_4,FOODS_3,FOODS,FOODS_3_555,11548,d_1797,3,1.68,2015,12,5,Wednesday,,,,
2015-12-30,CA,CA_4,FOODS_3,FOODS,FOODS_3_586,11548,d_1797,11,1.68,2015,12,5,Wednesday,,,,
2015-12-30,CA,CA_4,FOODS_3,FOODS,FOODS_3_587,11548,d_1797,16,2.48,2015,12,5,Wednesday,,,,
2015-12-30,CA,CA_4,FOODS_3,FOODS,FOODS_3_714,11548,d_1797,5,1.58,2015,12,5,Wednesday,,,,
2015-12-31,CA,CA_3,FOODS_3,FOODS,FOODS_3_090,11548,d_1798,0,1.0,2015,12,6,Thursday,,,,
2015-12-31,CA,CA_3,FOODS_3,FOODS,FOODS_3_120,11548,d_1798,97,4.98,2015,12,6,Thursday,,,,
2015-12-31,CA,CA_3,FOODS_3,FOODS,FOODS_3_202,11548,d_1798,47,4.68,2015,12,6,Thursday,,,,
2015-12-31,CA,CA_3,FOODS_3,FOODS,FOODS_3_252,11548,d_1798,27,1.58,2015,12,6,Thursday,,,,
2015-12-31,CA,CA_3,FOODS_3,FOODS,FOODS_3_288,11548,d_1798,36,1.5,2015,12,6,Thursday,,,,
2015-12-31,CA,CA_3,FOODS_3,FOODS,FOODS_3_329,11548,d_1798,44,2.98,2015,12,6,Thursday,,,,
2015-12-31,CA,CA_3,FOODS_3,FOODS,FOODS_3_555,11548,d_1798,20,1.68,2015,12,6,Thursday,,,,
2015-12-31,CA,CA_3,FOODS_3,FOODS,FOODS_3_586,11548,d_1798,56,1.68,2015,12,6,Thursday,,,,
2015-12-31,CA,CA_3,FOODS_3,FOODS,FOODS_3_587,11548,d_1798,28,2.48,2015,12,6,Thursday,,,,
2015-12-31,CA,CA_3,FOODS_3,FOODS,FOODS_3_714,11548,d_1798,24,1.58,2015,12,6,Thursday,,,,
2015-12-31,CA,CA_4,FOODS_3,FOODS,FOODS_3_090,11548,d_1798,0,1.5,2015,12,6,Thursday,,,,
2015-12-31,CA,CA_4,FOODS_3,FOODS,FOODS_3_120,11548,d_1798,0,4.98,2015,12,6,Thursday,,,,
2015-12-31,CA,CA_4,FOODS_3,FOODS,FOODS_3_202,11548,d_1798,14,4.68,2015,12,6,Thursday,,,,
2015-12-31,CA,CA_4,FOODS_3,FOODS,FOODS_3_252,11548,d_1798,6,1.58,2015,12,6,Thursday,,,,
2015-12-31,CA,CA_4,FOODS_3,FOODS,FOODS_3_288,11548,d_1798,6,1.5,2015,12,6,Thursday,,,,
2015-12-31,CA,CA_4,FOODS_3,FOODS,FOODS_3_329,11548,d_1798,6,2.98,2015,12,6,Thursday,,,,
2015-12-31,CA,CA_4,FOODS_3,FOODS,FOODS_3_555,11548,d_1798,5,1.68,2015,12,6,Thursday,,,,
2015-12-31,CA,CA_4,FOODS_3,FOODS,FOODS_3_586,11548,d_1798,11,1.68,2015,12,6,Thursday,,,,
2015-12-31,CA,CA_4,FOODS_3,FOODS,FOODS_3_587,11548,d_1798,16,2.48,2015,12,6,Thursday,,,,
2015-12-31,CA,CA_4,FOODS_3,FOODS,FOODS_3_714,11548,d_1798,21,1.58,2015,12,6,Thursday,,,,
